"","축제명","축제시작일자","축제종료일자","주소","LON","LAT","gigan","bigo","mm","yy","day_week"
"1","제13회 영동포도축제",2017-08-24,2017-08-27,"충청북도",36.1642048,127.7819752,4,"50일미만",8,2017,"목"
"5","제22회 과천축제",2018-09-13,2018-09-16,"경기도",37.4279091,126.9895045,4,"50일미만",9,2018,"목"
"6","제11회 마포나루새우젓축제",2018-10-19,2018-10-21,"서울특별시",37.5642503,126.901951,3,"50일미만",10,2018,"금"
"7","함창명주페스티벌",2018-09-07,2018-09-09,"경상북도",36.576525,128.160039,3,"50일미만",9,2018,"금"
"8","상주 이야기축제",2018-10-12,2018-10-14,"경상북도",36.410959,128.158961,3,"50일미만",10,2018,"금"
"9","정의공주와 함께 하는 도봉 한글잔치",2015-10-09,2015-10-09,"서울특별시",37.66667,127.03375,1,"1일",10,2015,"금"
"10","정월대보름 큰잔치",2015-03-05,2015-03-05,"서울특별시",37.6707774,127.0483768,1,"1일",3,2015,"목"
"11","도봉서원 춘·추향제",2015-04-28,2015-10-22,"서울특별시",37.6853826,127.0325089,178,"50일이상",4,2015,"화"
"12","도봉산 산사축제",2015-10-02,2015-10-03,"서울특별시",37.6864694,127.033968,2,"50일미만",10,2015,"금"
"13","도봉구민 건강축제",2015-10-16,2015-10-17,"서울특별시",37.6686287,127.0470496,2,"50일미만",10,2015,"금"
"14","도봉 과학축전",2015-10-23,2015-10-28,"서울특별시",37.6686287,127.0470496,6,"50일미만",10,2015,"금"
"15","도봉구 등축제",2015-09-11,2015-09-30,"서울특별시",37.6617028,127.0382005,20,"50일미만",9,2015,"금"
"16","정의공주와 함께 하는 도봉 한글잔치",2015-10-09,2015-10-09,"서울특별시",37.66667,127.03375,1,"1일",10,2015,"금"
"17","정월대보름 큰잔치",2015-03-05,2015-03-05,"서울특별시",37.6707774,127.0483768,1,"1일",3,2015,"목"
"18","도봉서원 춘·추향제",2015-04-28,2015-10-22,"서울특별시",37.6853826,127.0325089,178,"50일이상",4,2015,"화"
"19","도봉산 산사축제",2015-10-02,2015-10-03,"서울특별시",37.6864694,127.033968,2,"50일미만",10,2015,"금"
"20","도봉구민 건강축제",2015-10-16,2015-10-17,"서울특별시",37.6686287,127.0470496,2,"50일미만",10,2015,"금"
"21","도봉 과학축전",2015-10-23,2015-10-28,"서울특별시",37.6686287,127.0470496,6,"50일미만",10,2015,"금"
"22","도봉구 등축제",2015-09-11,2015-09-30,"서울특별시",37.6617028,127.0382005,20,"50일미만",9,2015,"금"
"23","청원생명축제",2018-10-05,2018-10-14,"충청북도",36.7330755,127.407385,10,"50일미만",10,2018,"금"
"24","세종대왕과 초정약수 축제",2018-05-25,2018-05-27,"충청북도",36.721607,127.601269,3,"50일미만",5,2018,"금"
"25","홍길동축제",2017-04-22,2017-04-30,"전라남도",35.320062,126.727118,9,"50일미만",4,2017,"토"
"26","백양단풍축제",2017-10-27,2017-10-29,"전라남도",35.440252,126.883232,3,"50일미만",10,2017,"금"
"27","고로쇠축제",2017-03-18,2017-03-19,"전라남도",35.440252,126.883232,2,"50일미만",3,2017,"토"
"28","산소축제",2017-09-16,2017-09-17,"전라남도",35.372009,126.746613,2,"50일미만",9,2017,"토"
"29","단감축제",2017-11-04,2017-11-04,"전라남도",35.252498,126.771304,1,"1일",11,2017,"토"
"30","장성가을 노란꽃잔치",2017-10-13,2017-10-29,"전라남도",35.182511,126.463925,17,"50일미만",10,2017,"금"
"31","2020 예천세계곤충엑스포",2020-05-01,2020-05-17,"경상북도",36.658337,128.463487,17,"50일미만",5,2020,"금"
"32","부여서동연꽃축제",2018-07-06,2018-07-15,"충청남도",36.27145891,126.9136908,10,"50일미만",7,2018,"금"
"33","백제문화제",2018-09-14,2018-09-22,"충청남도",36.27902473,126.9128811,9,"50일미만",9,2018,"금"
"34","달맞이축제",2019-02-19,2019-02-19,"경상북도",37.48430421,130.9056438,1,"1일",2,2019,"화"
"35","울릉해변가요제",2019-08-02,2019-08-03,"경상북도",37.48430421,130.9056438,2,"50일미만",8,2019,"금"
"36","오징어축제",2019-08-05,2019-08-07,"경상북도",37.48430421,130.9056438,3,"50일미만",8,2019,"월"
"38","제37회 고성군민의 날 및 수성문화제",2019-09-23,2019-09-25,"강원도",38.375898,128.4649304,3,"50일미만",9,2019,"월"
"39","제21회 고성통일명태축제",2019-10-17,2019-10-20,"강원도",38.43974397,128.4541653,4,"50일미만",10,2019,"목"
"40","욕지 섬 문화축제",2019-10-11,2019-10-12,"경상남도",34.63336365,128.2650885,2,"50일미만",10,2019,"금"
"41","사량도 옥녀봉 축제",2019-10-25,2019-10-26,"경상남도",34.84549681,128.2197953,2,"50일미만",10,2019,"금"
"45","울산대공원 장미축제",2019-05-22,2019-05-26,"울산광역시",35.530972,129.2939697,5,"50일미만",5,2019,"수"
"46","울산고래축제",2019-06-07,2019-06-09,"울산광역시",35.50439928,129.387293,3,"50일미만",6,2019,"금"
"47","처용문화제",2019-10-18,2019-10-20,"울산광역시",35.54289852,129.327076,3,"50일미만",10,2019,"금"
"49","정서진 해넘이 축제",2018-12-31,2018-12-31,"인천광역시",37.55843765,126.6074637,1,"1일",12,2018,"월"
"50","2019 정읍벚꽃축제",2019-03-30,2019-04-07,"전라북도",35.561248,126.8557305,9,"50일미만",3,2019,"토"
"51","정읍드론페스티벌",2019-05-04,2019-05-05,"전라북도",35.5255969,126.8961462,2,"50일미만",5,2019,"토"
"52","내장산캠핑대회",2019-05-17,2019-05-19,"전라북도",35.5255969,126.8961462,3,"50일미만",5,2019,"금"
"53","제14회 정읍 평생학습축제 및 제6회 주민자치 프로그램 발표회",2019-10-19,2019-10-20,"전라북도",35.57039929,126.8489005,2,"50일미만",10,2019,"토"
"54","제30회 정읍사문화제",2019-09-28,2019-09-29,"전라북도",35.55073015,126.8615763,2,"50일미만",9,2019,"토"
"55","제14회 정읍 구절초꽃축제",2019-10-05,2019-10-20,"전라북도",35.55427272,127.0188952,16,"50일미만",10,2019,"토"
"56","제52회 황토현동학농민혁명기념제",2019-05-11,2019-05-12,"전라북도",35.63130705,126.8313917,2,"50일미만",5,2019,"토"
"57","의정부가족문화대축제",2019-05-04,2019-05-04,"경기도",37.738089,127.0338356,1,"1일",5,2019,"토"
"58","2019 하하페스티벌",2019-05-26,2019-05-26,"경기도",37.737579,127.036375,1,"1일",5,2019,"일"
"59","제9회 의정부시장기대축전 개회식",2019-03-31,2019-03-31,"경기도",37.76001299,127.0279671,1,"1일",3,2019,"일"
"60","2019년 한마음 건강걷기대회",2019-04-13,2019-04-13,"경기도",37.726824,127.052208,1,"1일",4,2019,"토"
"61","제7회 어울림 등반대회",2019-04-27,2019-04-27,"경기도",37.739235,127.032021,1,"1일",4,2019,"토"
"62","제26회 의정부시 단오제 씨름왕 선발대회",2019-05-25,2019-05-25,"경기도",37.7396594,127.035815,1,"1일",5,2019,"토"
"63","제6회 의정부시장배 장애인생활체육대회",2019-09-19,2019-09-19,"경기도",37.76001299,127.0279671,1,"1일",9,2019,"목"
"64","스타와 함께하는 농구 자선경기",2019-09-29,2019-09-29,"경기도",37.76001299,127.0279671,1,"1일",9,2019,"일"
"65","제13회 전국 어울림 마라톤대회",2019-10-05,2019-10-05,"경기도",37.74379518,127.0923061,1,"1일",10,2019,"토"
"66","안중근정신 찾기 자전거 대행진",2019-10-26,2019-10-26,"경기도",37.73769519,127.0474449,1,"1일",10,2019,"토"
"67","2019 의정부과학축제",2019-05-25,2019-05-25,"경기도",37.74473004,127.069134,1,"1일",5,2019,"토"
"68","천상병예술제",2019-04-20,2019-04-28,"경기도",37.73338595,127.0341284,9,"50일미만",4,2019,"토"
"69","의정부음악극축제",2019-05-10,2019-05-19,"경기도",37.73338595,127.0341284,10,"50일미만",5,2019,"금"
"70","의정부 국제가야금축제",2019-10-04,2019-10-05,"경기도",37.73338595,127.0341284,2,"50일미만",10,2019,"금"
"71","블랙뮤직페스티벌",2019-08-29,2019-08-31,"경기도",37.73338595,127.0341284,3,"50일미만",8,2019,"목"
"72","의정부 국제가야금축제",2019-09-01,2019-10-31,"경기도",37.73338595,127.0341284,61,"50일이상",9,2019,"일"
"74","제10회의성봉양자두홍보및체험행사",2019-07-13,2019-07-13,"경상북도",36.30337648,128.5824608,1,"1일",7,2019,"토"
"75","제1회의성슈퍼푸드마늘축제",2019-10-04,2019-10-06,"경상북도",36.35137471,128.6768191,3,"50일미만",10,2019,"금"
"76","백마권역겨울놀이축제",2019-01-04,2019-01-20,"충청북도",36.83880878,127.6510421,17,"50일미만",1,2019,"금"
"77","연풍조령제 및 자전거문화축제",2018-10-12,2018-10-13,"충청북도",36.76687438,128.0002915,2,"50일미만",10,2018,"금"
"79","괴산고추축제",2019-08-29,2019-09-01,"충청북도",36.81574779,127.7875348,4,"50일미만",8,2019,"목"
"80","청천환경문화축제",2018-08-04,2018-08-04,"충청북도",36.65503541,127.7454853,1,"1일",8,2018,"토"
"81","괴산올갱이축제",2018-08-17,2018-08-19,"충청북도",36.78303875,127.8487774,3,"50일미만",8,2018,"금"
"82","감물감자축제",2019-06-22,2019-06-22,"충청북도",36.83949451,127.8710463,1,"1일",6,2019,"토"
"83","문광은행나무마을축제",2018-10-20,2018-10-20,"충청북도",36.77352068,127.7424552,1,"1일",10,2018,"토"
"84","제15회 구리한강 유채꽃 축제",2015-05-08,2015-05-10,"경기도",37.342841,127.081044,3,"50일미만",5,2015,"금"
"85","제15회 구리 코스모스 축제",2015-10-09,2015-10-11,"경기도",37.342841,127.081044,3,"50일미만",10,2015,"금"
"86","제16회 구리한강 유채꽃 축제",2016-05-13,2016-05-15,"경기도",37.342841,127.081044,3,"50일미만",5,2016,"금"
"87","제16회 구리 코스모스 축제",2016-09-23,2016-09-25,"경기도",37.342841,127.081044,3,"50일미만",9,2016,"금"
"88","제17회 구리 유채꽃 축제",2017-05-12,2017-05-14,"경기도",37.342841,127.081044,3,"50일미만",5,2017,"금"
"89","제17회 구리 코스모스 축제",2017-09-22,2017-09-24,"경기도",37.342841,127.081044,3,"50일미만",9,2017,"금"
"90","제18회 구리 유채꽃 축제",2018-05-04,2018-05-06,"경기도",38.342841,128.081044,3,"50일미만",5,2018,"금"
"91","제18회 구리 코스모스 축제",2018-10-05,2018-10-07,"경기도",38.342841,128.081044,3,"50일미만",10,2018,"금"
"92","제19회 구리 유채꽃 축제",2019-05-10,2019-05-12,"경기도",38.342841,128.081044,3,"50일미만",5,2019,"금"
"93","제19회 구리 코스모스 축제",2019-09-27,2019-09-29,"경기도",38.342841,128.081044,3,"50일미만",9,2019,"금"
"94","청풍호벚꽃축제",2019-04-06,2019-04-08,"충청북도",37.148685,128.216854,3,"50일미만",4,2019,"토"
"95","제천국제음악영화제",2019-08-08,2019-08-13,"충청북도",37.148685,128.216854,6,"50일미만",8,2019,"목"
"96","제천의병제",2019-10-11,2019-10-12,"충청북도",37.148685,128.216854,2,"50일미만",10,2019,"금"
"97","겨울왕국 제천페스티벌",2019-12-21,2020-01-27,"충청북도",37.148685,128.216854,38,"50일미만",12,2019,"토"
"98","김천국제가족연극제",2019-07-19,2019-07-28,"경상북도",36.125843,128.081077,10,"50일미만",7,2019,"금"
"99","김천예술제",2019-10-10,2019-10-20,"경상북도",36.118896,128.12205,11,"50일미만",10,2019,"목"
"100","정월대보름달맞이축제",2019-02-22,2019-02-22,"경상북도",36.118748,128.1221092,1,"1일",2,2019,"금"
"101","김천자두포도축제",2019-07-18,2019-07-21,"경상북도",36.144924,128.088088,4,"50일미만",7,2019,"목"
"102","제27회 용문산 영목제",2019-10-12,2019-10-12,"경기도",37.5461701,127.5821614,1,"1일",10,2019,"토"
"103","계양산국악제",2019-04-27,2019-04-28,"인천광역시",37.54504438,126.7289968,2,"50일미만",4,2019,"토"
"104","옥정호 꽃걸음 빛바람 축제",2019-04-27,2019-04-28,"전라북도",35.63203851,127.1526815,2,"50일미만",4,2019,"토"
"105","의견문화제",2019-05-04,2019-05-06,"전라북도",35.54520247,127.3326779,3,"50일미만",5,2019,"토"
"106","섬진강다슬기축제",2019-07-20,2019-07-21,"전라북도",35.52099481,127.1471835,2,"50일미만",7,2019,"토"
"107","필봉마을굿축제",2019-08-15,2019-08-18,"전라북도",35.53639442,127.1544452,4,"50일미만",8,2019,"목"
"108","사선문화제",2019-09-20,2019-09-22,"전라북도",35.6723571,127.2746245,3,"50일미만",9,2019,"금"
"109","임실N치즈축제",2019-10-03,2019-10-06,"전라북도",35.63310329,127.3012599,4,"50일미만",10,2019,"목"
"110","산타축제",2019-12-21,2019-12-25,"전라북도",35.63310329,127.3012599,5,"50일미만",12,2019,"토"
"111","강감찬축제",2019-10-18,2019-10-19,"서울특별시",37.47820977,126.9515032,2,"50일미만",10,2019,"금"
"112","한성백제문화제",2019-09-27,2019-09-29,"서울특별시",37.52034114,127.1155184,3,"50일미만",9,2019,"금"
"113","석촌호수벚꽃축제",2019-04-05,2019-04-12,"서울특별시",37.5066934,127.0989034,8,"50일미만",4,2019,"금"
"114","진주남강유등축제",2019-10-01,2019-10-13,"경상남도",35.18725548,128.0855326,13,"50일미만",10,2019,"화"
"115","개천예술제",2019-10-03,2019-10-10,"경상남도",35.18727536,128.0917424,8,"50일미만",10,2019,"목"
"116","코리아드라마페스티벌",2019-10-01,2019-10-13,"경상남도",35.18734031,128.0711471,13,"50일미만",10,2019,"화"
"117","진주수상뮤직페스티벌",2019-08-02,2019-08-04,"부산광역시",35.17205967,129.1284343,3,"50일미만",8,2019,"금"
"118","진주논개제",2019-05-24,2019-05-26,"경상남도",35.19079391,128.0776702,3,"50일미만",5,2019,"금"
"120","능허대문화제",2019-12-13,2019-12-14,"인천광역시",37.43088646,126.7018224,2,"50일미만",12,2019,"금"
"122","동작구 도서관 축제",2019-10-21,2019-10-21,"서울특별시",37.51272028,126.9333201,1,"1일",10,2019,"월"
"125","서울장미축제",2019-05-17,2019-06-02,"중랑구",37.6148099,127.073526,17,"50일미만",5,2019,"금"
"126","용마폭포 문화예술축제",2019-10-12,2019-10-13,"서울특별시",37.573335,127.089125,2,"50일미만",10,2019,"토"
"127","중랑 해맞이행사",2020-01-01,2020-01-01,"용마산",37.562325,127.102032,1,"1일",1,2020,"수"
"128","밀양아리랑대축제",2017-05-18,2017-05-21,"경상남도",35.4915418,128.7551172,4,"50일미만",5,2017,"목"
"129","제4회 칠곡 세계 인형음악극 축제",2015-08-27,2015-08-30,"경상북도",35.99199957,128.4173003,4,"50일미만",8,2015,"목"
"131","제5회 칠곡 세계 인형음악극 축제",2016-08-26,2016-08-29,"경상북도",35.99199957,128.4173003,4,"50일미만",8,2016,"금"
"133","제6회 칠곡 세계 인형음악극 축제",2017-08-24,2017-08-27,"경상북도",35.99199957,128.4173003,4,"50일미만",8,2017,"목"
"135","제7회 칠곡 세계 인형음악극 축제",2018-08-23,2018-08-26,"경상북도",35.99199957,128.4173003,4,"50일미만",8,2018,"목"
"138","제8회 세계인형음악극축제",2019-08-22,2019-08-25,"경상북도",35.99199957,128.4173003,4,"50일미만",8,2019,"목"
"139","모란축제추진위원회",2019-10-01,2019-10-31,"경기도",37.4320045,127.1315674,31,"50일미만",10,2019,"화"
"140","은행골한마음잔치",2019-05-01,2019-05-31,"경기도",37.4609942,127.170801,31,"50일미만",5,2019,"수"
"141","중원한마당축제",2019-09-01,2019-09-30,"경기도",37.4487779,127.1681499,30,"50일미만",9,2019,"일"
"142","분당구민 한마음 축제",2019-10-01,2019-10-31,"경기도",37.3778859,127.1246764,31,"50일미만",10,2019,"화"
"143","청계산철쭉축제",2019-04-27,2019-04-27,"경기도",37.42989648,127.0716316,1,"1일",4,2019,"토"
"144","수정숯골축제",2019-10-01,2019-10-31,"경기도",37.4462664,127.1445135,31,"50일미만",10,2019,"화"
"145","벌터산 축제",2019-04-01,2019-04-30,"경기도",37.4358321,127.1254889,30,"50일미만",4,2019,"월"
"146","구로G페스티벌",2019-09-27,2019-09-29,"서울특별시",37.501473,126.872383,3,"50일미만",9,2019,"금"
"147","2019 보정역생활문화센터 <청춘파티  - 특별프로그램>",2019-12-13,2019-12-13,"경기도",37.31629272,127.1081614,1,"1일",12,2019,"금"
"148","할미성 대동제",2020-10-15,2020-10-15,"경기도",37.24086706,127.1779688,1,"1일",10,2020,"목"
"149","포은문화제",2020-10-11,2020-10-13,"경기도",37.24086706,127.1779688,3,"50일미만",10,2020,"일"
"150","신안튤립축제",2019-04-12,2019-04-21,"전라남도",35.10291103,126.0725098,10,"50일미만",4,2019,"금"
"152","수선화축제",2019-03-01,2019-03-12,"전라남도",34.9899521,126.2587574,12,"50일미만",3,2019,"금"
"153","간재미 축제",2019-04-26,2019-04-27,"전라남도",34.70361517,125.9534187,2,"50일미만",4,2019,"금"
"156","섬 병어 축제",2019-06-14,2019-06-15,"전라남도",34.83364292,126.351408,2,"50일미만",6,2019,"금"
"158","증도 송어 축제",2019-06-15,2019-06-16,"전라남도",35.00283443,126.1396378,2,"50일미만",6,2019,"토"
"172","보령머드축제",2019-07-19,2019-07-28,"충청남도",36.3155199,126.5108563,10,"50일미만",7,2019,"금"
"173","무창포신비의바닷길축제",2019-08-30,2019-09-01,"충청남도",36.2424253,126.5350884,3,"50일미만",8,2019,"금"
"175","해미벚꽃축제",2019-04-03,2019-04-14,"충청남도",36.71355717,126.5503842,12,"50일미만",4,2019,"수"
"176","지곡왕산포서산갯마을축제",2019-06-08,2019-06-09,"충청남도",36.88040156,126.3845472,2,"50일미만",6,2019,"토"
"177","류방택 별 축제",2019-05-18,2019-05-18,"충청남도",36.7861429,126.4486172,1,"1일",5,2019,"토"
"178","팔봉산감자축제",2019-06-22,2019-06-23,"충청남도",36.81761837,126.3662446,2,"50일미만",6,2019,"토"
"179","서산6쪽마늘축제",2019-07-01,2019-07-01,"충청남도",36.71355717,126.5503842,1,"1일",7,2019,"월"
"180","삼길포우럭축제",2019-07-26,2019-07-28,"충청남도",37.0010156,126.4515766,3,"50일미만",7,2019,"금"
"181","서산뻘낙지먹물축제",2019-09-01,2019-09-01,"충청남도",36.88040156,126.3845472,1,"1일",9,2019,"일"
"182","서산어리굴젓축제",2019-10-01,2019-10-01,"충청남도",36.60375494,126.4110016,1,"1일",10,2019,"화"
"183","서산해미읍성축제",2019-10-11,2019-10-13,"충청남도",36.71355717,126.5503842,3,"50일미만",10,2019,"금"
"184","서산국화축제",2019-11-01,2019-11-10,"충청남도",36.6693265,126.536271,10,"50일미만",11,2019,"금"
"185","논산딸기축제",2019-03-20,2019-03-24,"충청남도",36.20922889,127.0819869,5,"50일미만",3,2019,"수"
"186","강경젓갈축제",2019-10-16,2019-10-20,"충청남도",36.15755616,127.0098062,5,"50일미만",10,2019,"수"
"189","왜목해돋이축제",2019-12-31,2020-01-01,"충청남도",36.88973998,126.6459689,2,"50일미만",12,2019,"화"
"190","기지시줄다리기 민속축제",2019-04-11,2019-04-14,"충청남도",36.89616138,126.694732,4,"50일미만",4,2019,"목"
"191","장고항 실치축제",2019-04-27,2019-04-28,"충청남도",37.0288688,126.5619088,2,"50일미만",4,2019,"토"
"192","한진포구 바지락 갯벌체험축제",2019-05-25,2019-05-27,"충청남도",36.97041875,126.7815875,3,"50일미만",5,2019,"토"
"193","면천 진달래축제",2019-04-06,2019-04-07,"충청남도",36.81761891,126.666993,2,"50일미만",4,2019,"토"
"194","심훈상록문화제",2019-09-20,2019-09-22,"충청남도",36.889754,126.6459689,3,"50일미만",9,2019,"금"
"195","금산인삼축제",2019-09-27,2019-10-06,"충청남도",36.1000256,127.5007304,10,"50일미만",9,2019,"금"
"196","비단고을산꽃축제",2019-04-13,2019-04-14,"충청남도",36.19093401,127.5710874,2,"50일미만",4,2019,"토"
"197","금강여울축제",2019-07-12,2019-07-13,"충청남도",36.0751568,127.5683215,2,"50일미만",7,2019,"금"
"198","금산천봄꽃축제",2019-04-06,2019-04-06,"충청남도",36.1020211,127.4843123,1,"1일",4,2019,"토"
"199","부여서동연꽃축제",2019-07-05,2019-07-28,"충청남도",36.27145891,126.9136908,24,"50일미만",7,2019,"금"
"200","백제문화제",2019-09-28,2019-10-06,"충청남도",36.28714312,126.9067822,9,"50일미만",9,2019,"토"
"201","춘장대해수욕장 여름문화예술축제",2019-07-20,2019-07-21,"충청남도",36.16334922,126.5243355,2,"50일미만",7,2019,"토"
"202","자연산 광어.도미 축제",2019-05-11,2019-05-26,"충청남도",36.1293642,126.5036472,16,"50일미만",5,2019,"토"
"203","동백꽃 주꾸미 축제",2019-03-16,2019-03-31,"충청남도",36.14324982,126.4963639,16,"50일미만",3,2019,"토"
"204","마량포 해넘이.해돋이 축제",2019-12-31,2020-01-01,"충청남도",36.1293642,126.5036472,2,"50일미만",12,2019,"화"
"205","홍원항 자연산 전어.꽃게 축제",2019-09-07,2019-09-22,"충청남도",36.15886,126.4992204,16,"50일미만",9,2019,"토"
"206","한산모시문화제",2019-06-07,2019-06-10,"충청남도",36.07994424,126.7987047,4,"50일미만",6,2019,"금"
"207","장승문화축제",2019-04-13,2019-04-14,"충청남도",36.40991529,126.8503994,2,"50일미만",4,2019,"토"
"209","홍성역사인물축제",2019-09-27,2019-09-28,"충청남도",36.6017196,126.6613896,2,"50일미만",9,2019,"금"
"210","홍성남당항대하축제",2019-02-01,2019-02-17,"충청남도",36.53503195,126.467178,17,"50일미만",2,2019,"금"
"212","윤봉길평화축제",2019-04-27,2019-04-29,"충청남도",36.6865377,126.6513825,3,"50일미만",4,2019,"토"
"213","의좋은형제축제",2019-10-18,2019-10-24,"충청남도",36.60702389,126.7888311,7,"50일미만",10,2019,"금"
"217","제46회 강진청자축제",2019-10-03,2019-10-09,"전라남도",34.50866041,126.8008375,7,"50일미만",10,2019,"목"
"218","제18회 전라병영성 축제",2019-04-19,2019-04-21,"전라남도",34.72004452,126.8171446,3,"50일미만",4,2019,"금"
"219","제16회 영랑문학제",2019-04-26,2019-04-27,"전라남도",34.6420738,126.765573,2,"50일미만",4,2019,"금"
"220","제3회 강진만 춤추는 갈대축제",2019-10-26,2019-11-03,"전라남도",34.6259705,126.7724317,9,"50일미만",10,2019,"토"
"221","제25회 남도음식문화큰잔치",2019-10-11,2019-10-13,"전라남도",34.6259705,126.7724317,3,"50일미만",10,2019,"금"
"225","봉황각 3.1독립운동 재현행사",2019-03-01,2019-03-01,"서울특별시",37.66053059,127.0064736,1,"1일",3,2019,"금"
"226","4.19혁명 국민문화제 2019",2019-04-13,2019-04-19,"서울특별시",37.63918553,127.0254518,7,"50일미만",4,2019,"토"
"227","종교연합바자회",2019-10-12,2019-10-12,"서울특별시",37.6350142,127.0129382,1,"1일",10,2019,"토"
"228","해맞이축제",2018-12-31,2019-01-01,"경상북도",36.35194321,129.3848496,2,"50일미만",12,2018,"월"
"229","영덕대게축제",2018-03-22,2018-03-25,"경상북도",36.36081011,129.3926424,4,"50일미만",3,2018,"목"
"230","영덕황금은어축제",2018-07-27,2018-07-29,"경상북도",36.422248,129.356322,3,"50일미만",7,2018,"금"
"231","영덕물가자미축제",2018-05-04,2018-05-06,"경상북도",36.509106,129.446771,3,"50일미만",5,2018,"금"
"232","제3회 우포시조문학제",2019-09-07,2019-09-08,"경상남도",35.56378606,128.4104033,2,"50일미만",9,2019,"토"
"233","제58회 3·1민속문화제",2019-02-28,2019-03-03,"경상남도",35.45092332,128.5289404,4,"50일미만",2,2019,"목"
"234","제33회 비사벌문화제",2019-10-11,2019-10-13,"경상남도",35.53835896,128.4987294,3,"50일미만",10,2019,"금"
"235","가야문화축제",2019-04-18,2019-04-21,"경상남도",35.23606039,128.8730826,4,"50일미만",4,2019,"목"
"236","김해분청도자기축제",2019-10-25,2019-11-03,"경상남도",35.25149561,128.745857,10,"50일미만",10,2019,"금"
"237","김해독서대전",2019-10-12,2019-10-13,"경상남도",35.2435463,128.872594,2,"50일미만",10,2019,"토"
"238","서대문독립민주축제",2019-08-14,2019-08-15,"서울특별시",37.574374,126.956064,2,"50일미만",8,2019,"수"
"239","크리스마스거리축제",2019-12-22,2019-12-25,"서울특별시",37.557225,126.936889,4,"50일미만",12,2019,"일"
"240","제8회 낙동강 구포나루 축제",2019-05-17,2019-05-19,"부산광역시",35.19688402,128.9900968,3,"50일미만",5,2019,"금"
"241","부산 2019 장애인미디어축제 ''배프 in BIFF''",2019-10-03,2019-10-12,"부산광역시",35.17259614,129.130314,10,"50일미만",10,2019,"목"
"242","부산 2019 합천청소년 미디어영상캠프",2019-07-25,2019-07-27,"부산광역시",35.17259614,129.130314,3,"50일미만",7,2019,"목"
"243","2019 산해진미프로젝트_사량도 청소년 여름방학캠프",2019-08-20,2019-08-21,"부산광역시",35.17259614,129.130314,2,"50일미만",8,2019,"화"
"244","2019 산해진미프로젝트_우도 청소년 여름방학캠프",2019-12-16,2019-12-17,"부산광역시",35.17259614,129.130314,2,"50일미만",12,2019,"월"
"245","2019 중학생 책가방 영상제(예정)",2019-12-01,2019-12-31,"부산광역시",35.17259614,129.130314,31,"50일미만",12,2019,"일"
"246","제24회 부산국제영화제 커뮤니티 비프",2019-10-04,2019-10-10,"부산광역시",35.17259614,129.130314,7,"50일미만",10,2019,"금"
"247","2019 마을미디어축제 (예정)",2019-12-01,2019-12-31,"부산광역시",35.17259614,129.130314,31,"50일미만",12,2019,"일"
"248","2019 드론 체험 한마당",2019-05-02,2019-05-03,"광주광역시",35.12381317,126.8623375,2,"50일미만",5,2019,"목"
"249","청년농부 미디어 크리에이터 경연대회",2019-06-27,2019-06-27,"광주광역시",35.12381317,126.8623375,1,"1일",6,2019,"목"
"250","2019 청소년미디어캠프",2019-07-25,2019-07-26,"광주광역시",35.12381317,126.8623375,2,"50일미만",7,2019,"목"
"251","섬마을미디어페스티벌 ''''미디어로 어깨동무 시즌7''''",2019-08-27,2019-08-28,"광주광역시",35.12381317,126.8623375,2,"50일미만",8,2019,"화"
"252","호남지역 미디어센터 네트워크 워크숍-전국 마을공동체 미디어 활성화를 위한 전국 현황과 전망 모색",2019-09-03,2019-09-03,"광주광역시",35.12381317,126.8623375,1,"1일",9,2019,"화"
"253","2019 전국청소년방송콘텐츠경연대회",2019-09-28,2019-09-28,"광주광역시",35.12381317,126.8623375,1,"1일",9,2019,"토"
"254","동네방네 마을미디어 공개방송",2019-12-04,2019-12-04,"광주광역시",35.12381317,126.8623375,1,"1일",12,2019,"수"
"255","2019 중딩영화제",2018-12-19,2018-12-19,"광주광역시",35.12381317,126.8623375,1,"1일",12,2018,"수"
"256","2019 강원청소년 영상캠프 미디어람",2019-07-31,2019-08-02,"강원도",37.89497098,127.6925751,3,"50일미만",7,2019,"수"
"257","2019 강원 미디어체험 페스티벌(강원 영상콘텐츠 시상식)",2019-10-31,2019-10-31,"강원도",37.89497098,127.6925751,1,"1일",10,2019,"목"
"258","2019 ''''방방곡곡 마을미디어'''' 마을미디어축제",2019-12-14,2019-12-14,"강원도",37.89497098,127.6925751,1,"1일",12,2019,"토"
"259","2019 청소년창작영상제",2019-12-06,2019-12-06,"강원도",37.89497098,127.6925751,1,"1일",12,2019,"금"
"260","2019 강원 시민공동체미디어 포럼",2019-11-29,2019-11-29,"강원도",37.89497098,127.6925751,1,"1일",11,2019,"금"
"261","개관5주년 기념행사 ''''Oh 대시미''''",2019-07-16,2019-07-16,"대전광역시",36.37835566,127.3805319,1,"1일",7,2019,"화"
"262","대전미디어페스티벌 ''''무엇이든 콘텐츠, 누구나 크리에이터''''",2019-08-22,2019-08-24,"대전광역시",36.37835566,127.3805319,3,"50일미만",8,2019,"목"
"263","2019 대전마을미디어 축제 잘 한다, 자란다, 대전마을미디어",2019-12-19,2019-12-19,"대전광역시",36.37835566,127.3805319,1,"1일",12,2019,"목"
"264","대전세종충남퍼블릭액세스시민영상제(날짜미정)",2019-12-20,2019-12-22,"대전광역시",36.37835566,127.3805319,3,"50일미만",12,2019,"금"
"265","대시미인의 밤",2019-12-07,2019-12-07,"대전광역시",36.37835566,127.3805319,1,"1일",12,2019,"토"
"266","2019 시청자의 날(기존)",2019-12-13,2019-12-14,"인천광역시",37.37977992,126.6465733,2,"50일미만",12,2019,"금"
"267","연수미디어페스티벌(예정)",2019-12-13,2019-12-14,"인천광역시",37.37977992,126.6465733,2,"50일미만",12,2019,"금"
"268","2019 서울인라디오",2019-09-26,2019-09-28,"서울특별시",37.58930848,127.0158379,3,"50일미만",9,2019,"목"
"269","2019 서울센터 네트워크파티 ''가가호호''",2019-12-04,2019-12-05,"서울특별시",37.58930848,127.0158379,2,"50일미만",12,2019,"수"
"270","2019 울대경 청소년미디어캠프 ''''함성소리''''",2019-08-01,2019-08-03,"울산광역시",35.55590994,129.3598694,3,"50일미만",8,2019,"목"
"271","2019 자유학기제 맞춤형미디어교육 수륜 온 더 미디어캠프",2019-08-07,2019-08-09,"울산광역시",35.55590994,129.3598694,3,"50일미만",8,2019,"수"
"272","2019''모두가 노동자''영상공모전",2019-09-30,2019-12-20,"울산광역시",35.55590994,129.3598694,82,"50일이상",9,2019,"월"
"273","1인미디어콘텐츠공모전",2019-10-15,2019-12-24,"울산광역시",35.55590994,129.3598694,71,"50일이상",10,2019,"화"
"274","2019 시청자의 밤 (날짜미정)",2019-12-01,2019-12-31,"울산광역시",35.55590994,129.3598694,31,"50일미만",12,2019,"일"
"275","2019 청년일자리 희망한마당",2019-10-28,2019-10-28,"울산광역시",35.55590994,129.3598694,1,"1일",10,2019,"월"
"276","2019 도서지역 학교미디어교육 죽변중학교 미디어캠프",2019-09-16,2019-09-18,"울산광역시",35.55590994,129.3598694,3,"50일미만",9,2019,"월"
"277","장수 한우랑 사과랑 축제",2019-09-06,2019-09-08,"전라북도",35.6411154,127.253641,3,"50일미만",9,2019,"금"
"278","백제 어울마당",2017-04-15,2017-11-05,"충청남도",36.465007,127.1236356,205,"50일이상",4,2017,"토"
"279","웅진성수문병 근무교대식",2017-04-15,2017-10-29,"충청남도",36.46521533,127.1236802,198,"50일이상",4,2017,"토"
"280","공주 석장리 구석기축제",2017-05-03,2017-05-07,"충청남도",36.44795221,127.1875895,5,"50일미만",5,2017,"수"
"281","계룡산산신제",2017-04-12,2017-04-16,"충청남도",36.333638,127.177107,5,"50일미만",4,2017,"수"
"282","마곡사 신록축제",2017-04-22,2017-04-22,"충청남도",36.55906839,127.0122348,1,"1일",4,2017,"토"
"283","제63회 백제문화제",2017-09-28,2017-10-05,"충청남도",36.46891899,127.1271045,8,"50일미만",9,2017,"목"
"284","2017 겨울공주군밤축제",2017-12-22,2018-01-28,"충청남도",36.43336915,127.124038,38,"50일미만",12,2017,"금"
"285","2018 백제어울마당",2018-04-14,2018-10-28,"충청남도",36.46060505,127.1126907,198,"50일이상",4,2018,"토"
"286","2018 웅진성수문병 근무교대식",2018-04-21,2018-11-04,"충청남도",36.46521533,127.1236802,198,"50일이상",4,2018,"토"
"287","2018 공주 석장리 세계구석기축제",2018-05-04,2018-05-07,"충청남도",36.44795221,127.1875895,4,"50일미만",5,2018,"금"
"288","2018 계룡산산신제",2018-04-28,2018-05-01,"충청남도",36.333638,127.177107,4,"50일미만",4,2018,"토"
"289","제15회 마곡사신록축제",2018-05-12,2018-05-13,"충청남도",36.55906839,127.0122348,2,"50일미만",5,2018,"토"
"290","2018 계룡산벚꽃축제",2018-04-06,2018-04-15,"충청남도",36.36030634,127.2509274,10,"50일미만",4,2018,"금"
"291","2018 마곡사토요무대",2018-07-07,2018-08-25,"충청남도",36.55728753,127.0183843,50,"50일이상",7,2018,"토"
"292","제64회 백제문화제",2018-09-14,2018-09-22,"충청남도",36.46891899,127.1271045,9,"50일미만",9,2018,"금"
"293","2019겨울공주군밤축제",2019-01-18,2019-01-20,"충청남도",36.43336915,127.124038,3,"50일미만",1,2019,"금"
"294","2019 백제어울마당",2019-05-04,2019-11-02,"충청남도",36.46060505,127.1126907,183,"50일이상",5,2019,"토"
"295","2019 웅진성수문병 근무교대식",2019-05-04,2019-11-10,"충청남도",36.46521533,127.1236802,191,"50일이상",5,2019,"토"
"296","2019 공주 석장리 구석기축제",2019-05-03,2019-05-06,"충청남도",36.44795221,127.1875895,4,"50일미만",5,2019,"금"
"297","2019 계룡산산신제",2019-04-20,2019-04-21,"충청남도",36.333638,127.177107,2,"50일미만",4,2019,"토"
"298","제16회 마곡사신록축제",2019-04-27,2019-04-28,"충청남도",36.55906839,127.0122348,2,"50일미만",4,2019,"토"
"299","2019 계룡산벚꽃축제",2019-04-05,2019-04-14,"충청남도",36.36030634,127.2509274,10,"50일미만",4,2019,"금"
"300","갑사황매화 축제",2019-04-26,2019-04-28,"충청남도",36.36607692,127.1864443,3,"50일미만",4,2019,"금"
"301","공주항공축제",2019-05-04,2019-05-06,"충청남도",36.51052026,127.1258208,3,"50일미만",5,2019,"토"
"302","공주 금강여름축제",2019-07-26,2019-07-28,"충청남도",36.55728753,127.0183843,3,"50일미만",7,2019,"금"
"303","제65회 백제문화제",2019-09-28,2019-10-06,"충청남도",36.46891899,127.1271045,9,"50일미만",9,2019,"토"
"304","태강릉 문화제",2019-04-20,2019-04-20,"서울특별시",37.624881,127.093038,1,"1일",4,2019,"토"
"307","2019 군포철쭉축제",2019-04-24,2019-04-28,"경기도",37.3548052,126.9225521,5,"50일미만",4,2019,"수"
"308","춘장대해수욕장 여름문화예술축제",2019-08-02,2019-08-03,"충청남도",36.16334922,126.5243355,2,"50일미만",8,2019,"금"
"309","자연산 광어.도미 축제",2019-05-11,2019-05-26,"충청남도",36.1293642,126.5036472,16,"50일미만",5,2019,"토"
"310","동백꽃 주꾸미 축제",2019-03-16,2019-03-31,"충청남도",36.12939436,126.5036155,16,"50일미만",3,2019,"토"
"311","마량포 해넘이.해돋이 축제",2019-12-31,2020-01-01,"충청남도",36.1293642,126.5036472,2,"50일미만",12,2019,"화"
"312","홍원항 자연산 전어.꽃게 축제",2019-09-21,2019-10-06,"충청남도",36.15886,126.4992204,16,"50일미만",9,2019,"토"
"313","한산모시문화제",2019-06-07,2019-06-10,"충청남도",36.0799445,126.7987047,4,"50일미만",6,2019,"금"
"314","파주북소리2019",2019-11-02,2019-11-06,"경기도",37.70848286,126.6867921,5,"50일미만",11,2019,"토"
"315","제32회 율곡문화제",2019-10-12,2019-10-13,"경기도",37.86497423,126.8696173,2,"50일미만",10,2019,"토"
"316","제15회 파주개성인삼축제",2019-10-19,2019-10-20,"경기도",37.8893177,126.7400657,2,"50일미만",10,2019,"토"
"317","제23회 파주장단콩축제",2019-11-22,2019-11-24,"경기도",37.8893177,126.7400657,3,"50일미만",11,2019,"금"
"319","우륵문화제",2019-09-26,2019-09-29,"충청북도",36.970076,127.9360876,4,"50일미만",9,2019,"목"
"320","지리산 바래봉 눈꽃축제",2018-12-29,2019-02-10,"전라북도",35.4350897,127.5486175,44,"50일미만",12,2018,"토"
"321","제31회 지리산 뱀사골 고로쇠 약수제",2019-03-02,2019-03-02,"전라북도",35.3769935,127.581604,1,"1일",3,2019,"토"
"322","제89회 춘향제",2019-05-08,2019-05-12,"전라북도",35.40412922,127.3805045,5,"50일미만",5,2019,"수"
"323","제25회 지리산 바래봉 철쭉제",2019-05-04,2019-05-04,"전라북도",35.4350897,127.5486175,1,"1일",5,2019,"토"
"324","제24회 봉화산 철쭉제",2019-05-04,2019-05-04,"전라북도",35.52407924,127.576659,1,"1일",5,2019,"토"
"325","흥부제",2019-10-11,2019-10-13,"전라북도",35.40294891,127.3866197,3,"50일미만",10,2019,"금"
"326","지리산 뱀사골 단풍제",2019-10-15,2019-10-30,"전라북도",35.37179793,127.579137,16,"50일미만",10,2019,"화"
"327","고창모양성제",2019-10-03,2019-10-07,"전라북도",35.43534518,126.7066502,5,"50일미만",10,2019,"목"
"328","고창청보리밭축제",2019-04-20,2019-05-12,"전라북도",35.37610584,126.543619,23,"50일미만",4,2019,"토"
"329","동학농민혁명 무장기포기념제",2019-04-25,2019-04-25,"전라북도",35.4037328,126.4955322,1,"1일",4,2019,"목"
"330","고창복분자와수박축제",2019-06-21,2019-06-23,"전라북도",35.49723407,126.578159,3,"50일미만",6,2019,"금"
"331","고창갯벌축제",2019-06-07,2019-06-09,"전라북도",35.53007446,126.5150432,3,"50일미만",6,2019,"금"
"332","무장읍성축제",2019-05-14,2019-05-14,"전라북도",35.41841778,126.5573463,1,"1일",5,2019,"화"
"333","고창해풍고추축제",2019-08-23,2019-08-25,"전라북도",35.46113146,126.5377985,3,"50일미만",8,2019,"금"
"334","2019 대한민국 온천대축제",2019-10-02,2019-10-06,"전라북도",35.43119627,126.7383544,5,"50일미만",10,2019,"수"
"335","제13회 신성한마음축제",2019-08-10,2019-08-10,"대전광역시",36.38422742,127.357276,1,"1일",8,2019,"토"
"336","제17회 한여름밤의 축제",2019-08-24,2019-08-24,"대전광역시",36.3985684,127.4053327,1,"1일",8,2019,"토"
"341","제9회 관평골축제",2019-10-11,2019-10-11,"대전광역시",36.4243927,127.3940968,1,"1일",10,2019,"금"
"342","제14회 구즉한마당축제",2019-10-12,2019-10-12,"대전광역시",36.43500958,127.3841005,1,"1일",10,2019,"토"
"343","제21회 진잠주민화합한마당",2019-10-19,2019-10-19,"대전광역시",36.29952727,127.3150867,1,"1일",10,2019,"토"
"346","영천보현산별빛축제",2019-06-14,2019-06-16,"경상북도",36.14024846,128.9967122,3,"50일미만",6,2019,"금"
"347","정월대보름행사",2019-02-19,2019-02-19,"경상북도",35.96656577,128.9312498,1,"1일",2,2019,"화"
"348","포항국제불빛축제",2019-05-31,2019-06-02,"경상북도",36.017859,129.374454,3,"50일미만",5,2019,"금"
"349","포항해병대문화축제",2019-04-27,2019-04-28,"경상북도",35.96902317,129.4127411,2,"50일미만",4,2019,"토"
"350","포항운하축제",2019-09-21,2019-09-22,"경상북도",36.02387158,129.3773906,2,"50일미만",9,2019,"토"
"351","포항 연날리기 한마당",2019-09-01,2019-09-30,"경상북도",36.010908,129.368551,30,"50일미만",9,2019,"일"
"352","호미곶한민족해맞이축전",2019-12-31,2020-01-01,"경상북도",36.07675839,129.5660588,2,"50일미만",12,2019,"화"
"353","포항시 대학연합축제(POP)",2019-10-01,2019-10-30,"경상북도",36.03793871,129.3636807,30,"50일미만",10,2019,"화"
"354","금산인삼축제",2019-09-27,2019-10-06,"충청남도",36.1000256,127.5007304,10,"50일미만",9,2019,"금"
"355","비단고을산꽃축제",2019-04-13,2019-04-14,"충청남도",36.19093401,127.5710874,2,"50일미만",4,2019,"토"
"356","금강여울축제",2019-07-12,2019-07-13,"충청남도",36.0751568,127.5683215,2,"50일미만",7,2019,"금"
"357","금산천봄꽃축제",2019-04-06,2019-04-06,"충청남도",36.1020211,127.4843123,1,"1일",4,2019,"토"
"358","남일면홍도화축제",2019-04-20,2019-04-21,"충청남도",36.0171101,127.5180376,2,"50일미만",4,2019,"토"
"359","금천하모니벚꽃축제 2019",2019-04-05,2019-04-06,"서울특별시",37.45706511,126.8960352,2,"50일미만",4,2019,"금"
"360","정조대왕 능행차 공동재현",2019-10-05,2019-10-05,"서울특별시",37.4510151,126.9075078,1,"1일",10,2019,"토"
"361","여수영취산진달래체험행사",2019-03-29,2019-03-31,"전라남도",34.8210752,127.7003341,3,"50일미만",3,2019,"금"
"362","여수거북선축제",2019-05-03,2019-05-05,"전라남도",34.73922445,127.7365808,3,"50일미만",5,2019,"금"
"363","여수여자만갯벌노을체험행사",2019-10-13,2019-10-14,"전라남도",34.7902433,127.5680089,2,"50일미만",10,2019,"일"
"364","거문도백도은빛바다체험행사",2019-08-02,2019-08-04,"전라남도",34.0256376,127.311945,3,"50일미만",8,2019,"금"
"365","여수밤바다 불꽃축제",2019-09-08,2019-09-08,"전라남도",34.7388016,127.7362426,1,"1일",9,2019,"일"
"366","여수향일암일출기원한마당",2019-12-31,2020-01-01,"전라남도",34.59379448,127.8029861,2,"50일미만",12,2019,"화"
"367","여수동동북축제",2019-11-10,2019-11-11,"전라남도",34.756371,127.658676,2,"50일미만",11,2019,"일"
"368","청년거리문화축제",2019-03-01,2019-12-31,"전라남도",34.7585755,127.6636144,306,"50일이상",3,2019,"금"
"369","여수마칭페스티벌",2019-10-26,2019-10-27,"전라남도",34.73922445,127.7365808,2,"50일미만",10,2019,"토"
"370","제 10회서면우리문화축제",2018-04-28,2018-04-29,"부산광역시",35.16545561,129.0558558,2,"50일미만",4,2018,"토"
"371","제9회 부산진구 북페스티벌",2019-09-20,2019-09-20,"부산광역시",35.16545561,129.0558558,1,"1일",9,2019,"금"
"372","서면메디컬스트리트 축제",2019-11-01,2019-11-02,"부산광역시",35.1579588,129.0566547,2,"50일미만",11,2019,"금"
"373","전포카페거리축제",2019-10-19,2019-10-20,"부산광역시",35.1570356,129.0630291,2,"50일미만",10,2019,"토"
"374","2019 순천 푸드앤아트 페스티벌",2019-09-27,2019-09-29,"전라남도",34.9666776,127.4860721,3,"50일미만",9,2019,"금"
"375","감천문화마을 골목축제",2019-04-26,2019-04-28,"부산광역시",35.0956104,129.0075299,3,"50일미만",4,2019,"금"
"376","제23회 단양온달문화축제",2019-10-18,2019-10-20,"충청북도",37.06295564,128.4929221,3,"50일미만",10,2019,"금"
"377","제37회 단양소백산철쭉제",2019-05-23,2019-05-26,"충청북도",36.9647819,128.4207808,4,"50일미만",5,2019,"목"
"378","제15회 차성문화제",2019-10-12,2019-10-13,"부산광역시",35.2448828,129.2183134,2,"50일미만",10,2019,"토"
"379","고싸움놀이축제",2019-03-30,2019-03-31,"광주광역시",35.069218,126.835969,2,"50일미만",3,2019,"토"
"380","굿모닝 양림",2018-10-13,2018-10-15,"광주광역시",35.1416231,126.9114941,3,"50일미만",10,2018,"토"
"382","제47회 신라문화제",2019-10-03,2019-10-09,"경상북도",35.86064257,129.2090768,7,"50일미만",10,2019,"목"
"383","2019 경주한우와 농축수산물 한마당축제",2019-10-04,2019-10-06,"경상북도",35.8599824,129.2119786,3,"50일미만",10,2019,"금"
"384","2018 수원독서문화축제",2018-09-06,2018-09-09,"경기도",37.283861,127.010433,4,"50일미만",9,2018,"목"
"385","2019 수원독서문화축제",2019-10-12,2019-10-12,"경기도",37.28753704,127.0135776,1,"1일",10,2019,"토"
"386","2019 수원연극축제",2019-05-24,2019-05-26,"경기도",37.2667769,126.9850191,3,"50일미만",5,2019,"금"
"387","제55회 수원화성문화제",2018-10-05,2018-10-07,"경기도",37.28098808,127.0152227,3,"50일미만",10,2018,"금"
"388","제56회 수원화성문화제",2019-10-03,2019-10-06,"경기도",37.28098808,127.0152227,4,"50일미만",10,2019,"목"
"389","2019 수원등불축제",2019-10-03,2019-10-06,"경기도",37.28754004,127.018085,4,"50일미만",10,2019,"목"
"390","2017 음식 문화축제",2017-09-22,2017-09-24,"경기도",37.28188202,127.014393,3,"50일미만",9,2017,"금"
"391","2018 음식 문화축제",2018-10-05,2018-10-07,"경기도",37.28188202,127.014393,3,"50일미만",10,2018,"금"
"392","2019 음식 문화축제",2019-10-03,2019-10-06,"경기도",37.28188202,127.014393,4,"50일미만",10,2019,"목"
"393","서리풀페스티벌",2018-09-08,2018-09-16,"서울특별시",37.483601,127.032662,9,"50일미만",9,2018,"토"
"394","삼척맹방유채꽃축제",2018-04-06,2018-04-15,"강원도",37.405447,129.205264,10,"50일미만",4,2018,"금"
"395","삼척황영조국제마라톤대회",2018-04-22,2018-04-22,"강원도",37.438232,129.160145,1,"1일",4,2018,"일"
"396","삼척장미축제",2018-05-18,2018-05-22,"강원도",37.433569,129.176647,5,"50일미만",5,2018,"금"
"397","삼척정월대보름축제",2018-02-21,2018-02-25,"강원도",37.438232,129.160145,5,"50일미만",2,2018,"수"
"398","삼척동해왕이사부독도축제",2018-09-21,2018-09-23,"강원도",37.438232,129.160145,3,"50일미만",9,2018,"금"
"399","삼척평생학습박람회",2018-10-27,2018-10-28,"강원도",37.438232,129.160145,2,"50일미만",10,2018,"토"
"400","삼척비치썸패스터벌",2018-07-27,2018-07-29,"강원도",37.467434,129.16943,3,"50일미만",7,2018,"금"
"401","2016 대가야체험축제",2016-04-07,2016-04-10,"경상북도",35.72107614,128.2601559,4,"50일미만",4,2016,"목"
"404","제11회 진안고원 수박축제",2019-07-27,2019-07-28,"전라북도",35.84147509,127.5747127,2,"50일미만",7,2019,"토"
"405","2019 진안홍삼축제",2019-10-09,2019-10-13,"전라북도",35.773251,127.4162556,5,"50일미만",10,2019,"수"
"407","이천도자기축제",2019-04-26,2019-05-12,"경기도",37.29309775,127.385686,17,"50일미만",4,2019,"금"
"408","햇사레장호원복숭아축제",2019-09-20,2019-09-22,"경기도",37.11809864,127.6121816,3,"50일미만",9,2019,"금"
"409","이천인삼축제",2019-11-01,2019-11-03,"경기도",37.27793778,127.4269268,3,"50일미만",11,2019,"금"
"410","설봉산별빛축제",2019-07-13,2019-08-24,"경기도",37.27792699,127.425921,43,"50일미만",7,2019,"토"
"411","체험문화축제",2019-05-25,2019-05-26,"경기도",37.27793778,127.4269268,2,"50일미만",5,2019,"토"
"412","이천백사산수유꽃축제",2019-03-29,2019-03-31,"경기도",37.34077593,127.4622972,3,"50일미만",3,2019,"금"
"419","아라마린페스티벌 in 김포",2019-08-03,2019-08-05,"경기도",37.59765509,126.7869691,3,"50일미만",8,2019,"토"
"420","DMZ 울트라트레일러닝",2019-09-01,2019-09-30,"경기도",37.6406387,126.539261,30,"50일미만",9,2019,"일"
"421","김포예술제",2019-12-07,2019-12-07,"경기도",37.61713765,126.718043,1,"1일",12,2019,"토"
"422","2019 김포 국제무선자동차대회 개최 계획",2019-10-10,2019-10-14,"경기도",37.68028573,126.6249423,5,"50일미만",10,2019,"목"
"423","김포 평화누리길 걷기행사",2019-04-01,2019-10-31,"경기도",37.74322967,126.5940602,214,"50일이상",4,2019,"월"
"424","Again 서포리！ 응답하라 덕적도！",2019-07-27,2019-08-03,"인천광역시",37.22319007,126.1139153,8,"50일미만",7,2019,"토"
"427","순창장류축제",2019-10-18,2019-10-20,"전라북도",35.36860021,127.1099773,3,"50일미만",10,2019,"금"
"428","제99주년 3·1만세의 날 거리축제",2018-03-01,2018-03-01,"서울특별시",37.571532,126.987288,1,"1일",3,2018,"목"
"429","단기4351년 개천절 대제전",2018-10-03,2018-10-03,"서울특별시",37.576312,126.965851,1,"1일",10,2018,"수"
"430","단기4351년 어천절 대제전",2018-03-15,2018-03-15,"서울특별시",37.576312,126.965851,1,"1일",3,2018,"목"
"431","D.FESTA 대학로 거리공연축제",2018-05-17,2018-05-20,"서울특별시",37.583488,127.004425,4,"50일미만",5,2018,"목"
"432","금난새와 함께하는 종로 음악회",2018-08-30,2018-08-30,"서울특별시",37.572525,126.975793,1,"1일",8,2018,"목"
"433","2018 종로한복축제",2018-10-05,2018-10-07,"서울특별시",37.572701,126.976924,3,"50일미만",10,2018,"금"
"434","세종마을 세종주간 축제",2018-10-03,2018-10-09,"서울특별시",37.580743,126.966012,7,"50일미만",10,2018,"수"
"435","세종탄신 620돌 축하연",2018-05-15,2018-05-15,"서울특별시",37.580568,126.968676,1,"1일",5,2018,"화"
"436","2019 제8회 서울동화축제",2019-05-04,2019-05-06,"서울특별시",37.549278,127.078677,3,"50일미만",5,2019,"토"
"437","2018 제2회 광진교 페스티벌",2018-08-18,2018-08-18,"서울특별시",37.544936,127.110741,1,"1일",8,2018,"토"
"438","2018 제8회 광나루 어울마당",2018-09-20,2018-09-21,"서울특별시",37.549278,127.078677,2,"50일미만",9,2018,"목"
"439","땅끝매화축제",2019-03-15,2019-03-16,"전라남도",34.6243948,126.463392,2,"50일미만",3,2019,"금"
"440","달마고도 걷기축제",2019-03-30,2019-03-30,"전라남도",34.3827629,126.5776828,1,"1일",3,2019,"토"
"441","흑석산 철쭉제",2019-04-19,2019-04-20,"전라남도",34.671543,126.6161037,2,"50일미만",4,2019,"금"
"442","연호보리축제",2019-04-27,2019-05-04,"전라남도",34.5986902,126.4914101,8,"50일미만",4,2019,"토"
"443","땅끝수국축제",2019-06-06,2019-07-14,"전라남도",34.45321139,126.5955014,39,"50일미만",6,2019,"목"
"444","송호해변여름축제",2019-07-27,2019-07-27,"전라남도",34.3156869,126.5190115,1,"1일",7,2019,"토"
"445","오시아노 樂 페스티벌",2019-08-02,2019-08-04,"전라남도",34.670829,126.260601,3,"50일미만",8,2019,"금"
"446","땅끝 해넘이·해맞이 축제",2019-12-31,2020-01-01,"전라남도",34.2982093,126.5293983,2,"50일미만",12,2019,"화"
"447","북평용줄다리기 축제",2019-10-27,2019-10-27,"전라남도",34.4036574,126.6280888,1,"1일",10,2019,"일"
"448","달성토성마을축제",2019-04-27,2019-04-27,"대구광역시",35.8758308,128.5747396,1,"1일",4,2019,"토"
"449","가족사랑 아이스축제",2019-07-27,2019-07-27,"대구광역시",35.873636,128.5454766,1,"1일",7,2019,"토"
"450","미소&행복 구민축제",2018-10-07,2018-10-07,"대구광역시",35.87279161,128.545577,1,"1일",10,2018,"일"
"451","달구벌목민관축제",2018-10-07,2018-10-07,"대구광역시",35.87232184,128.5592204,1,"1일",10,2018,"일"
"452","마토예술제",2019-05-25,2019-05-25,"경기도",36.960171,127.045036,1,"1일",5,2019,"토"
"453","마토예술제",2019-10-26,2019-10-26,"경기도",36.960171,127.045036,1,"1일",10,2019,"토"
"454","단종문화제",2018-04-27,2018-04-29,"강원도",37.186184,128.168447,3,"50일미만",4,2018,"금"
"455","동강국제사진제",2018-06-14,2018-07-21,"강원도",37.182233,128.461472,38,"50일미만",6,2018,"목"
"457","김삿갓문화제",2018-10-05,2018-10-07,"강원도",37.079689,128.60173,3,"50일미만",10,2018,"금"
"459","2019청도소싸움축제",2019-05-16,2019-05-19,"경상북도",35.68673395,128.7251463,4,"50일미만",5,2019,"목"
"461","2019청도반시축제",2019-10-11,2019-10-13,"경상북도",35.6504035,128.7193929,3,"50일미만",10,2019,"금"
"462","2019청도세계코미디아트페스티벌",2019-10-11,2019-10-13,"경상북도",35.6504035,128.7193929,3,"50일미만",10,2019,"금"
"463","하남이성문화축제",2018-09-28,2018-09-29,"경기도",37.54654783,127.2205032,2,"50일미만",9,2018,"금"
"464","고흥 우주항공 축제",2019-05-03,2019-05-05,"전라남도",34.45357943,127.5181513,3,"50일미만",5,2019,"금"
"465","영암왕인문화축제",2019-04-06,2019-04-09,"전라남도",34.755566,126.629933,4,"50일미만",4,2019,"토"
"466","기찬월출산국화축제",2019-10-29,2019-11-02,"전라남도",34.7919635,126.6850264,5,"50일미만",10,2019,"화"
"467","영암호해맞이축제",2019-01-01,2019-01-01,"전라남도",34.7333995,126.387386,1,"1일",1,2019,"화"
"468","의왕철도축제",2019-05-04,2019-05-05,"경기도",37.30712099,126.952258,2,"50일미만",5,2019,"토"
"469","의왕백운예술제",2019-09-21,2019-09-22,"경기도",37.38288932,127.0012786,2,"50일미만",9,2019,"토"
"470","반딧불축제",2019-08-31,2019-09-08,"전라북도",36.00236061,127.6625302,9,"50일미만",8,2019,"토"
"471","전주대사습놀이",2018-06-15,2018-06-18,"전라북도",35.8490089,127.11964,4,"50일미만",6,2018,"금"
"472","전주세계소리축제",2018-10-03,2018-10-07,"전라북도",35.8239265,127.1315694,5,"50일미만",10,2018,"수"
"473","전주단오축제",2018-06-17,2018-06-18,"전라북도",35.8382201,127.125162,2,"50일미만",6,2018,"일"
"474","제19회 전주국제영화제",2018-05-03,2018-05-12,"전라북도",35.8208219,127.143647,10,"50일미만",5,2018,"목"
"475","2018 전주비빔밥축제",2018-10-25,2018-10-28,"전라북도",35.8206764,127.1482821,4,"50일미만",10,2018,"목"
"476","전주한지문화축제",2018-05-05,2018-05-07,"전라북도",35.8206764,127.1482821,3,"50일미만",5,2018,"토"
"477","전주국제발효식품엑스포",2018-10-25,2018-10-29,"전라북도",35.8389558,127.130912,5,"50일미만",10,2018,"목"
"478","제32회 해운대북극곰수영축제",2019-01-05,2019-01-06,"부산광역시",35.1583123,129.1577913,2,"50일미만",1,2019,"토"
"479","제37회 해운대달맞이온천축제",2019-02-17,2019-02-19,"부산광역시",35.1583123,129.1577913,3,"50일미만",2,2019,"일"
"480","2019년 제15회 해운대모래축제",2019-05-24,2019-05-27,"부산광역시",35.1583123,129.1577913,4,"50일미만",5,2019,"금"
"481","제14회 부산국제매직페스티벌",2019-06-25,2019-06-30,"부산광역시",35.1583123,129.1577913,6,"50일미만",6,2019,"화"
"482","제14회 부산국제어린이청소년영화제",2019-07-09,2019-07-15,"부산광역시",35.17103803,129.1270863,7,"50일미만",7,2019,"화"
"483","제24회 부산바다축제",2019-08-02,2019-08-06,"부산광역시",35.1583123,129.1577913,5,"50일미만",8,2019,"금"
"484","제24회 송정해변축제",2019-08-02,2019-08-03,"부산광역시",35.17944126,129.1996527,2,"50일미만",8,2019,"금"
"485","제24회 부산국제영화제",2019-10-03,2019-10-12,"부산광역시",35.17103803,129.1270863,10,"50일미만",10,2019,"목"
"486","제15회 부산세계불꽃축제",2019-11-02,2019-11-02,"부산광역시",35.1583123,129.1577913,1,"1일",11,2019,"토"
"487","2020 울산 마두희 축제",2020-06-26,2020-06-28,"울산광역시",35.55579158,129.324233,3,"50일미만",6,2020,"금"
"488","2020년 한글문화예술제",2020-10-09,2020-10-11,"울산광역시",35.57475705,129.3474699,3,"50일미만",10,2020,"금"
"489","2020 문화의거리 현대미술제",2020-04-25,2020-05-03,"울산광역시",35.55487016,129.3217365,9,"50일미만",4,2020,"토"
"490","2020년 울산병영3.1만세운동 제21회 재현행사",2020-04-05,2020-04-06,"울산광역시",35.56924534,129.34659,2,"50일미만",4,2020,"일"
"491","제51회 서덕출 봄편지 노래비 글쓰기 및 그리기대회",2020-05-20,2020-05-20,"울산광역시",35.5608219,129.3242945,1,"1일",5,2020,"수"
"492","2020 태화강 국제 재즈페스티벌",2020-05-16,2020-05-17,"울산광역시",35.55007837,129.2990793,2,"50일미만",5,2020,"토"
"493","보성다향대축제",2019-05-02,2019-05-06,"전라남도",34.719805,127.081709,5,"50일미만",5,2019,"목"
"494","서편제보성소리축제",2019-05-03,2019-05-05,"전라남도",34.770217,127.079036,3,"50일미만",5,2019,"금"
"495","보성차밭 빛축제",2018-12-14,2019-01-13,"전라남도",34.71983,127.081709,31,"50일미만",12,2018,"금"
"496","벌교꼬막축제",2018-11-02,2018-11-04,"전라남도",34.84476516,127.3464624,3,"50일미만",11,2018,"금"
"497","보성벚꽃축제",2019-04-06,2019-04-06,"전라남도",34.966935,127.1600659,1,"1일",4,2019,"토"
"498","보성전어축제",2018-08-31,2018-09-02,"전라남도",34.6700298,127.0890226,3,"50일미만",8,2018,"금"
"499","부안마실축제",2019-05-04,2019-05-06,"전라북도",35.71882124,126.7286953,3,"50일미만",5,2019,"토"
"500","곰소젓갈발효축제",2018-09-14,2018-09-16,"전라북도",35.58746134,126.6126718,3,"50일미만",9,2018,"금"
"501","개암동벚꽃축제",2019-04-06,2019-04-07,"전라북도",35.66039032,126.6531154,2,"50일미만",4,2019,"토"
"502","자라섬 국제재즈페스티벌",2019-10-04,2019-10-06,"경기도",37.8209476,127.5208644,3,"50일미만",10,2019,"금"
"503","암산얼음축제",2020-01-18,2020-01-26,"경상북도",36.50643143,128.6787973,9,"50일미만",1,2020,"토"
"504","안동봄꽃축제",2020-04-03,2020-04-12,"경상북도",36.5606618,128.7322556,10,"50일미만",4,2020,"금"
"505","안동민속축제",2020-09-25,2020-10-04,"경상북도",36.5662343,128.7342615,10,"50일미만",9,2020,"금"
"506","안동국제탈춤축제",2020-09-25,2020-10-04,"경상북도",36.5606948,128.7322556,10,"50일미만",9,2020,"금"
"507","제5회 나주마한문화축제",2019-10-11,2019-10-13,"전라남도",34.91485483,126.6589031,3,"50일미만",10,2019,"금"
"508","제15회 영산포 홍어축제",2019-04-12,2019-04-14,"전라남도",34.9996615,126.7140301,3,"50일미만",4,2019,"금"
"509","제1회 천년나주목읍성문화축제",2019-05-03,2019-05-05,"전라남도",35.0328694,126.7166816,3,"50일미만",5,2019,"금"
"510","제5회 오산천 두바퀴 축제",2019-04-20,2019-04-20,"경기도",37.16022346,127.0770823,1,"1일",4,2019,"토"
"511","제7회 오산 봄누리 예술축제",2019-05-11,2019-05-11,"경기도",37.17081808,127.045809,1,"1일",5,2019,"토"
"512","제31회 시민의 날 문화행사",2019-09-20,2019-09-20,"경기도",37.158565,127.073451,1,"1일",9,2019,"금"
"513","제10회 독산성 문화제",2019-10-11,2019-10-13,"경기도",37.16022346,127.0770823,3,"50일미만",10,2019,"금"
"514","2019 가을 종합예술제",2019-10-04,2019-11-17,"경기도",37.16022346,127.077061,45,"50일미만",10,2019,"금"
"517","완주와일드푸드축제",2019-09-27,2019-09-29,"전라북도",35.97398096,127.2315514,3,"50일미만",9,2019,"금"
"518","완주 프러포즈축제",2019-05-25,2019-05-26,"전라북도",35.72770656,127.1069229,2,"50일미만",5,2019,"토"
"519","왜목해돋이축제",2017-12-31,2018-01-01,"충청남도",37.044702,126.527283,2,"50일미만",12,2017,"일"
"520","기지시줄다리기 민속축제",2018-04-12,2018-04-15,"충청남도",36.896475,126.694732,4,"50일미만",4,2018,"목"
"521","장고항 실치축제",2018-04-28,2018-04-29,"충청남도",37.031566,126.559482,2,"50일미만",4,2018,"토"
"522","한진포구 바지락 갯벌체험축제",2018-05-18,2018-05-20,"충청남도",36.971154,126.782501,3,"50일미만",5,2018,"금"
"523","해나루 황토감자축제",2018-06-23,2018-06-23,"충청남도",36.959232,126.769345,1,"1일",6,2018,"토"
"524","면천 진달래축제",2018-04-07,2018-04-08,"충청남도",36.817454,126.666993,2,"50일미만",4,2018,"토"
"525","8.15. 프란치스코 데이",2018-08-14,2018-08-15,"충청남도",36.819209,126.785502,2,"50일미만",8,2018,"화"
"526","심훈상록문화제",2018-10-12,2018-10-14,"충청남도",36.889754,126.646949,3,"50일미만",10,2018,"금"
"527","삽교호조개구이 축제",2018-09-22,2018-09-22,"충청남도",36.889945,126.645798,1,"1일",9,2018,"토"
"528","남이흥장군 문화제",2018-10-28,2018-10-28,"충청남도",36.924978,126.529455,1,"1일",10,2018,"일"
"529","농악대축제",2016-10-22,2016-10-23,"경기도",37.4620073,126.8714551,2,"50일미만",10,2016,"토"
"530","농악대축제",2015-10-17,2015-10-18,"경기도",37.4620073,126.8714551,2,"50일미만",10,2015,"토"
"531","구름산예술제",2015-10-17,2015-10-18,"경기도",37.4776304,126.8646268,2,"50일미만",10,2015,"토"
"532","제14회 광명시평생학습축제",2015-09-07,2015-09-20,"경기도",37.4743772,126.8684796,14,"50일미만",9,2015,"월"
"533","제2회 밤일음식문화 거리 축제",2016-06-10,2016-06-10,"경기도",37.453842,126.860748,1,"1일",6,2016,"금"
"534","구름산예술제",2016-10-22,2016-10-23,"경기도",37.4776304,126.8646269,2,"50일미만",10,2016,"토"
"535","제16회 광명시평생학습축제",2017-09-09,2017-09-23,"경기도",37.474331,126.868457,15,"50일미만",9,2017,"토"
"536","제26회 오리문화제",2017-05-18,2017-05-20,"경기도",37.463301,126.870701,3,"50일미만",5,2017,"목"
"537","구름산예술제",2017-09-23,2017-09-24,"경기도",37.4782254,126.8645715,2,"50일미만",9,2017,"토"
"538","농악대축제",2017-10-20,2017-10-22,"경기도",37.462779,126.8709525,3,"50일미만",10,2017,"금"
"539","소하도서관 책축제 팔짱, 책을 품다",2016-04-15,2016-04-15,"경기도",37.4444649,126.8918147,1,"1일",4,2016,"금"
"540","농악대축제",2018-10-27,2018-10-28,"경기도",37.4782254,126.8645715,2,"50일미만",10,2018,"토"
"541","구름산예술제",2018-08-31,2018-09-02,"경기도",37.462779,126.8709525,3,"50일미만",8,2018,"금"
"542","제7회 목감천 친환경 축제",2019-05-25,2019-05-25,"경기도",37.4710361,126.8486332,1,"1일",5,2019,"토"
"543","평생학습도시 선언 20주년 컨퍼런스",2019-11-01,2019-11-01,"경기도",37.4743772,126.8684796,1,"1일",11,2019,"금"
"544","문경찻사발축제",2019-04-27,2019-05-06,"경상북도",36.74144625,128.0838026,10,"50일미만",4,2019,"토"
"545","문경약돌한우축제",2018-11-03,2018-11-04,"경상북도",36.76160207,128.0769905,2,"50일미만",11,2018,"토"
"547","문경사과축제",2019-10-12,2019-10-27,"경상북도",36.76160207,128.0769905,16,"50일미만",10,2019,"토"
"548","2019 시흥 에코콘텐츠 창작 페스티벌",2019-12-06,2019-12-07,"경기도",37.45019708,126.7848655,2,"50일미만",12,2019,"금"
"549","제2회 정왕「본」축제",2019-11-02,2019-11-02,"경기도",37.34736202,126.7518114,1,"1일",11,2019,"토"
"550","장보고수산물축제",2019-05-03,2019-05-06,"전라남도",34.31744706,126.7527592,4,"50일미만",5,2019,"금"
"551","청산도슬로우걷기축제",2019-04-06,2019-05-06,"전라남도",34.17971074,126.8577891,31,"50일미만",4,2019,"토"
"552","청정완도 가을빛 여행",2018-10-19,2018-10-21,"전라남도",34.31744706,126.7527592,3,"50일미만",10,2018,"금"
"553","논산딸기축제",2019-03-20,2019-03-24,"충청남도",36.20922889,127.0819661,5,"50일미만",3,2019,"수"
"554","논산대둔산철쭉제",2019-04-26,2019-05-05,"충청남도",36.15468452,127.3091766,10,"50일미만",4,2019,"금"
"555","상월명품고구마축제",2019-08-31,2019-09-01,"충청남도",36.30682479,127.1897138,2,"50일미만",8,2019,"토"
"556","양촌곶감축제",2019-12-14,2019-12-15,"충청남도",36.12951533,127.2471957,2,"50일미만",12,2019,"토"
"557","연산백중놀이",2019-08-30,2019-08-30,"충청남도",36.21626789,127.216075,1,"1일",8,2019,"금"
"558","효문화뿌리축제",2019-09-27,2019-09-29,"대전광역시",36.2859869,127.3836984,3,"50일미만",9,2019,"금"
"559","강동선사문화축제",2019-10-11,2019-10-13,"서울특별시",37.55985381,127.1308316,3,"50일미만",10,2019,"금"
"560","홍성역사인물축제",2019-09-27,2019-09-29,"충청남도",36.6017196,126.6613896,3,"50일미만",9,2019,"금"
"562","광천토굴새우젓광천김축제",2018-10-11,2018-10-14,"충청남도",36.50093278,126.6243742,4,"50일미만",10,2018,"목"
"564","익산서동축제",2019-05-10,2019-05-12,"전라북도",36.00039758,127.05943,3,"50일미만",5,2019,"금"
"565","천만송이 국화축제",2019-10-25,2019-11-03,"전라북도",35.94972951,126.9861274,10,"50일미만",10,2019,"금"
"566","보석대축제",2019-04-05,2019-04-14,"전라북도",35.99061351,127.102548,10,"50일미만",4,2019,"금"
"567","거창크리스마스트리문화축제",2019-12-01,2020-01-27,"경상남도",35.68667718,127.9095338,58,"50일이상",12,2019,"일"
"570","생거진천 문화축제",2019-10-04,2019-10-06,"충청북도",36.86152209,127.4420392,3,"50일미만",10,2019,"금"
"578","우륵문화제",2019-09-26,2019-09-29,"충청북도",36.970076,127.9360876,4,"50일미만",9,2019,"목"
"579","청풍호벚꽃축제",2019-04-06,2019-04-08,"충청북도",37.14868519,128.2168544,3,"50일미만",4,2019,"토"
"580","제천국제음악영화제",2019-08-08,2019-08-13,"충청북도",37.14868519,128.2168544,6,"50일미만",8,2019,"목"
"581","제천의병제",2018-10-19,2018-10-20,"충청북도",37.14868519,128.2168544,2,"50일미만",10,2018,"금"
"582","겨울왕국 제천페스티벌",2019-12-21,2020-01-27,"충청북도",37.14868519,128.2168544,38,"50일미만",12,2019,"토"
"588","제13회 영동포도축제",2019-08-29,2019-09-01,"충청북도",36.16401536,127.7819752,4,"50일미만",8,2019,"목"
"592","들노래축제",2019-06-15,2019-06-16,"충청북도",36.7638867,127.5955697,2,"50일미만",6,2019,"토"
"593","인삼골축제",2019-10-03,2019-10-06,"충청북도",36.78732622,127.5728115,4,"50일미만",10,2019,"목"
"594","생거진천 문화축제",2019-10-04,2019-10-06,"충청북도",36.86152209,127.4420392,3,"50일미만",10,2019,"금"
"602","음성품바축제",2019-05-22,2019-05-26,"충청북도",36.93152313,127.6806296,5,"50일미만",5,2019,"수"
"603","설성문화제",2019-08-28,2019-08-31,"충청북도",36.93427623,127.6906949,4,"50일미만",8,2019,"수"
"606","제17회 고양 연등문화축제",2019-05-01,2019-05-01,"경기도",37.63173966,126.832994,1,"1일",5,2019,"수"
"607","신바람난 뮤지엄 페스티벌",2019-05-04,2019-05-05,"경기도",37.62946909,126.8309509,2,"50일미만",5,2019,"토"
"608","노루목 봄 페스티벌 <ㅍㅍㅍ페스티벌>",2019-05-25,2019-05-26,"경기도",37.66148641,126.7744561,2,"50일미만",5,2019,"토"
"609","2019 고양행주문화제",2019-05-25,2019-05-26,"경기도",37.59564085,126.8268514,2,"50일미만",5,2019,"토"
"610","2019 고양호수예술축제",2019-10-03,2019-10-06,"경기도",37.65384593,126.7687814,4,"50일미만",10,2019,"목"
"611","울산조선해양축제",2019-07-19,2019-07-21,"울산광역시",35.505086,129.416646,3,"50일미만",7,2019,"금"
"612","고싸움놀이축제(1차)",2019-03-30,2019-03-31,"광주광역시",35.0692176,126.8359599,2,"50일미만",3,2019,"토"
"613","고싸움놀이축제(2차)",2019-08-11,2019-08-11,"광주광역시",35.0692176,126.8359599,1,"1일",8,2019,"일"
"614","서창만드리풍년제",2019-07-19,2019-07-19,"광주광역시",35.115286,126.830168,1,"1일",7,2019,"금"
"615","광주프린지페스티벌",2019-04-20,2019-10-26,"광주광역시",35.1481359,126.908602,190,"50일이상",4,2019,"토"
"616","광주세계김치축제",2019-05-03,2019-05-04,"광주광역시",35.109095,126.8666047,2,"50일미만",5,2019,"금"
"617","광주세계김치축제",2019-07-12,2019-08-18,"광주광역시",35.109095,126.8666047,38,"50일미만",7,2019,"금"
"618","광주세계김치축제",2019-10-25,2019-10-27,"광주광역시",35.109095,126.8666047,3,"50일미만",10,2019,"금"
"619","억새생태문화제",2019-10-11,2019-10-13,"광주광역시",35.141293,126.828428,3,"50일미만",10,2019,"금"
"620","세계청년축제",2019-07-19,2019-07-21,"광주광역시",35.1483528,126.918715,3,"50일미만",7,2019,"금"
"621","굿모닝 양림",2019-10-19,2019-10-21,"광주광역시",35.141882,126.9118581,3,"50일미만",10,2019,"토"
"622","추억의충장축제",2019-10-02,2019-10-06,"광주광역시",35.1458272,126.9233266,5,"50일미만",10,2019,"수"
"623","2017 물의나라화천 쪽배축제",2017-07-29,2017-08-13,"강원도",38.10072,127.697029,16,"50일미만",7,2017,"토"
"625","명량대첩축제",2019-09-27,2019-09-29,"전라남도",34.57071613,126.3009789,3,"50일미만",9,2019,"금"
"626","남도음식문화큰잔치",2018-10-11,2018-10-13,"전라남도",34.61992371,126.7737305,3,"50일미만",10,2018,"목"
"627","왕방산 국제MTB대회",2019-10-20,2019-10-20,"경기도",37.90083977,127.0704987,1,"1일",10,2019,"일"
"628","2019 제4회 이담농악두드림대축제",2019-06-15,2019-06-15,"경기도",37.90543939,127.0546796,1,"1일",6,2019,"토"
"629","제4회 동두천 국제 트레일러닝 대회",2019-04-20,2019-04-20,"경기도",37.90083977,127.0704987,1,"1일",4,2019,"토"
"630","상패남산축제",2018-09-08,2018-09-08,"경기도",37.90537169,127.0442776,1,"1일",9,2018,"토"
"631","천사마라톤대회",2018-10-03,2018-10-03,"경기도",37.90083977,127.0704987,1,"1일",10,2018,"수"
"632","동두천 청소년 별자리과학 축제",2018-10-13,2018-10-13,"경기도",37.90083977,127.0704987,1,"1일",10,2018,"토"
"633","동두천시 자원봉사 축제",2018-10-20,2018-10-20,"경기도",37.89275541,127.0517461,1,"1일",10,2018,"토"
"634","DDC할로윈클럽데이",2018-10-27,2018-10-28,"경기도",37.91584622,127.0565068,2,"50일미만",10,2018,"토"
"635","크리스마스트리축제",2018-11-03,2018-12-30,"경기도",37.90543939,127.0546796,58,"50일이상",11,2018,"토"
"636","법성포단오제",2019-06-07,2019-06-10,"전라남도",35.36617051,126.4431873,4,"50일미만",6,2019,"금"
"637","불갑산상사화축제",2019-09-18,2019-09-24,"전라남도",35.19967453,126.5500459,7,"50일미만",9,2019,"수"
"638","제16회 추억의 충장축제",2019-10-02,2019-10-06,"광주광역시",35.1461414,126.9230951,5,"50일미만",10,2019,"수"
"639","류방택 별 축제",2016-05-14,2016-05-14,"충청남도",36.7861429,126.4486951,1,"1일",5,2016,"토"
"640","지곡왕산포서산갯마을축제",2016-06-04,2016-06-05,"충청남도",36.8804574,126.3845434,2,"50일미만",6,2016,"토"
"641","팔봉산감자축제",2016-06-18,2016-06-19,"충청남도",36.81761837,126.3662446,2,"50일미만",6,2016,"토"
"642","삼길포우럭독살체험축제",2016-08-04,2016-08-07,"충청남도",37.0010156,126.4515698,4,"50일미만",8,2016,"목"
"643","서산갯마을 뻘낙지축제",2016-10-01,2016-10-03,"충청남도",36.8804574,126.3845434,3,"50일미만",10,2016,"토"
"644","서산해미읍성역사체험축제",2016-10-07,2016-10-09,"충청남도",36.71355717,126.5503842,3,"50일미만",10,2016,"금"
"645","서산시국화축제",2016-10-28,2016-11-06,"충청남도",36.66936247,126.536256,10,"50일미만",10,2016,"금"
"646","간월도어리굴젓수산물한마당",2016-11-11,2016-11-13,"충청남도",36.60375494,126.4110016,3,"50일미만",11,2016,"금"
"648","제43회 남명선비문화축제",2019-10-18,2019-10-19,"경상남도",35.27631899,127.8460504,2,"50일미만",10,2019,"금"
"649","제13회 지리산산청곶감축제",2020-01-02,2020-01-05,"경상남도",35.27427006,127.8363661,4,"50일미만",1,2020,"목"
"650","제19회 산청한방약초축제",2019-09-27,2019-10-09,"경상남도",35.41970199,127.8717919,13,"50일미만",9,2019,"금"
"653","제13회 기산국악제전",2019-09-20,2019-09-21,"경상남도",35.27597812,127.9340313,2,"50일미만",9,2019,"금"
"654","생초국제조각공원 꽃잔디 축제",2019-04-19,2019-05-05,"경상남도",35.49232876,127.8317388,17,"50일미만",4,2019,"금"
"656","세종축제",2019-10-05,2019-10-09,"세종특별자치시",36.49881773,127.270076,5,"50일미만",10,2019,"토"
"657","세종 조치원 복숭아  축제",2019-08-03,2019-08-04,"세종특별자치시",36.5998248,127.287846,2,"50일미만",8,2019,"토"
"658","나라꽃 무궁화 세종축제",2019-08-15,2019-08-16,"세종특별자치시",36.50109974,127.2699735,2,"50일미만",8,2019,"목"
"659","진해군항제",2018-04-01,2018-04-10,"경상남도",35.149423,128.659757,10,"50일미만",4,2018,"일"
"660","진해군악의장페스티벌",2018-04-06,2018-04-08,"경상남도",35.14836103,128.6554537,3,"50일미만",4,2018,"금"
"661","마산가고파국화축제",2018-10-26,2018-11-09,"경상남도",35.186741,128.564277,15,"50일미만",10,2018,"금"
"662","개항제례",2018-05-01,2018-05-01,"경상남도",35.19757501,128.5719112,1,"1일",5,2018,"화"
"663","창원진동불꽃낙화축제",2018-04-15,2018-04-15,"경상남도",35.101556,128.509104,1,"1일",4,2018,"일"
"664","야철제",2018-06-30,2018-06-30,"경상남도",35.223981,128.661676,1,"1일",6,2018,"토"
"665","마산만날제",2018-09-25,2018-09-27,"경상남도",35.178438,128.559,3,"50일미만",9,2018,"화"
"666","남산상봉제",2018-09-29,2018-09-30,"경상남도",35.25928,128.619094,2,"50일미만",9,2018,"토"
"668","동춘당문화제",2019-04-19,2019-04-20,"대전광역시",36.36537889,127.4412933,2,"50일미만",4,2019,"금"
"669","2019 제주들불축제",2019-03-07,2019-03-10,"제주특별자치도",33.3628158,126.3633602,4,"50일미만",3,2019,"목"
"670","2019 제주왕벚꽃축제",2019-03-29,2019-03-31,"제주특별자치도",33.504405,126.519961,3,"50일미만",3,2019,"금"
"671","2019 탐라문화광장 하하페스티벌",2019-06-01,2019-07-13,"제주특별자치도",33.51387018,126.5281155,43,"50일미만",6,2019,"토"
"672","제7회 월대천 축제",2019-07-27,2019-07-28,"제주특별자치도",33.49229666,126.434694,2,"50일미만",7,2019,"토"
"673","제19회 도두오래물축제",2019-08-09,2019-09-11,"제주특별자치도",33.50637959,126.4670599,34,"50일미만",8,2019,"금"
"674","2019 jeju 이호테우축제",2019-08-02,2019-08-04,"제주특별자치도",33.49730322,126.4528866,3,"50일미만",8,2019,"금"
"675","추자도 참굴비 대축제",2019-09-27,2019-09-29,"제주특별자치도",33.96267481,126.2956272,3,"50일미만",9,2019,"금"
"676","제18회삼양검은모래축제",2019-07-26,2019-07-27,"제주특별자치도",33.525989,126.586391,2,"50일미만",7,2019,"금"
"677","제16회 방선문축제",2019-05-04,2019-05-05,"제주특별자치도",33.452853,126.517844,2,"50일미만",5,2019,"토"
"678","누웨마루 페스티벌",2019-09-14,2019-10-05,"제주특별자치도",33.4877384,126.4903398,22,"50일미만",9,2019,"토"
"679","산지천 축제",2019-09-20,2019-09-22,"제주특별자치도",33.5141252,126.5278575,3,"50일미만",9,2019,"금"
"680","아트제주2019",2019-11-28,2019-12-01,"제주특별자치도",33.4847577,126.4887056,4,"50일미만",11,2019,"목"
"681","서울약령시 한방문화축제",2019-10-11,2019-10-12,"서울특별시",37.58152253,127.0377329,2,"50일미만",10,2019,"금"
"685","성주생명문화축제 성주참외페스티벌",2019-05-16,2019-05-19,"경상북도",35.91576102,128.2800492,4,"50일미만",5,2019,"목"
"686","제32회 함안아라문화제",2019-04-26,2019-04-28,"경상남도",35.28326216,128.4001528,3,"50일미만",4,2019,"금"
"687","무술년 삼칠민속줄다리기",2019-03-29,2019-03-30,"경상남도",35.30883803,128.5185567,2,"50일미만",3,2019,"금"
"688","제28회 함안낙화놀이",2019-05-12,2019-05-12,"경상남도",35.25542023,128.4227474,1,"1일",5,2019,"일"
"689","들노래축제",2019-06-15,2019-06-16,"충청북도",36.7638867,127.5955697,2,"50일미만",6,2019,"토"
"690","인삼골축제",2019-10-03,2019-10-06,"충청북도",36.78700527,127.5760466,4,"50일미만",10,2019,"목"
"691","제5회 광산구 세계음식문화축제",2017-05-21,2017-05-21,"광주광역시",35.1880553,126.8201971,1,"1일",5,2017,"일"
"692","광산우리밀축제",2017-05-26,2017-05-28,"광주광역시",35.1631672,126.7399623,3,"50일미만",5,2017,"금"
"693","첨단1동 마을축제",2017-10-14,2017-10-14,"광주광역시",35.222211,126.8443276,1,"1일",10,2017,"토"
"694","제2회 비아마을 큰잔치",2017-10-21,2017-10-21,"광주광역시",35.2210952,126.8244895,1,"1일",10,2017,"토"
"695","제2회 하남동 도농공 한울타리 어울림축제",2017-10-28,2017-10-28,"광주광역시",35.178175,126.7999659,1,"1일",10,2017,"토"
"696","신창동 어울림축제",2017-10-28,2017-10-28,"광주광역시",35.1956384,126.840969,1,"1일",10,2017,"토"
"697","2019컬러풀대구페스티벌",2019-05-04,2019-05-05,"대구광역시",35.87155388,128.60122,2,"50일미만",5,2019,"토"
"698","대구국제재즈축제",2019-09-19,2019-09-21,"대구광역시",35.8579242,128.5906996,3,"50일미만",9,2019,"목"
"699","대구국제오페라축제",2019-09-13,2019-10-20,"대구광역시",35.8834639,128.5922335,38,"50일미만",9,2019,"금"
"700","대구국제뮤지컬페스티벌",2019-06-21,2019-07-08,"대구광역시",35.88368816,128.5959763,18,"50일미만",6,2019,"금"
"701","동아시아보자기페스티벌",2019-09-28,2019-09-29,"대구광역시",35.88368816,128.5959763,2,"50일미만",9,2019,"토"
"702","형형색색달구벌관등놀이",2019-04-27,2019-05-06,"대구광역시",35.85619572,128.5897529,10,"50일미만",4,2019,"토"
"703","대구약령시한방문화축제",2019-05-02,2019-05-06,"대구광역시",35.86851768,128.5899105,5,"50일미만",5,2019,"목"
"704","대구포크페스티벌",2019-07-26,2019-07-28,"대구광역시",35.87142055,128.6248352,3,"50일미만",7,2019,"금"
"705","대구치맥페스티벌",2019-07-17,2019-07-21,"대구광역시",35.85074648,128.5616534,5,"50일미만",7,2019,"수"
"706","대구국제호러페스티벌",2019-08-02,2019-08-05,"대구광역시",35.82976978,128.690163,4,"50일미만",8,2019,"금"
"707","국제보디페인팅축제",2019-08-24,2019-08-25,"대구광역시",35.85086313,128.5576665,2,"50일미만",8,2019,"토"
"708","대구국제패션문화페스티벌",2019-10-12,2019-10-14,"대구광역시",35.88368816,128.5959763,3,"50일미만",10,2019,"토"
"709","팔공산 산중전통장터 승시",2019-10-05,2019-10-08,"대구광역시",35.98450098,128.6987706,4,"50일미만",10,2019,"토"
"710","대구 글로벌게임문화축제 e-Fun",2019-08-31,2019-09-01,"대구광역시",35.83541672,128.6817838,2,"50일미만",8,2019,"토"
"711","둔내고랭지토마토축제",2019-08-09,2019-08-11,"강원도",37.51241014,128.2185782,3,"50일미만",8,2019,"금"
"712","횡성더덕축제",2019-08-30,2019-09-01,"강원도",37.58392059,128.1502908,3,"50일미만",8,2019,"금"
"713","안흥찐빵축제",2019-09-27,2019-09-29,"강원도",37.41281125,128.1561222,3,"50일미만",9,2019,"금"
"714","횡성한우축제",2019-10-02,2019-10-06,"강원도",37.48821277,127.9736494,5,"50일미만",10,2019,"수"
"719","달집태우기",2019-02-19,2019-02-19,"대구광역시",35.8712637,128.6730181,1,"1일",2,2019,"화"
"720","상화문학제",2019-05-24,2019-05-26,"대구광역시",35.8268576,128.6128683,3,"50일미만",5,2019,"금"
"721","고모령 효예술제",2019-08-02,2019-08-02,"대구광역시",35.83165878,128.687326,1,"1일",8,2019,"금"
"722","수성못 페스티벌",2019-09-27,2019-09-29,"대구광역시",35.8292435,128.6209285,3,"50일미만",9,2019,"금"
"723","수성 건강 축제",2019-08-02,2019-08-03,"대구광역시",35.83165878,128.687326,2,"50일미만",8,2019,"금"
"724","와룡문화제",2019-04-26,2019-04-28,"경상남도",35.00361954,128.0642075,3,"50일미만",4,2019,"금"
"725","제12회 사천시농업한마당축제",2019-10-18,2019-10-20,"경상남도",35.00361954,128.0642075,3,"50일미만",10,2019,"금"
"726","김수환추기경 사랑과 나눔 문화축전",2019-06-15,2019-06-15,"경상북도",36.24300229,128.5728833,1,"1일",6,2019,"토"
"727","조선통신사 축제",2019-05-03,2019-05-06,"부산광역시",35.09953937,129.0311369,4,"50일미만",5,2019,"금"
"728","광복로연등문화제",2019-04-26,2019-05-15,"부산광역시",35.09895705,129.0334032,20,"50일미만",4,2019,"금"
"729","보수동책방골목문화축제",2019-10-01,2019-10-31,"부산광역시",35.10362715,129.0261809,31,"50일미만",10,2019,"화"
"730","부산국제영화제 전야제",2019-10-02,2019-10-02,"부산광역시",35.09862035,129.0287588,1,"1일",10,2019,"수"
"731","부산자갈치축제",2019-10-10,2019-10-13,"부산광역시",35.0966394,129.0305933,4,"50일미만",10,2019,"목"
"732","영도다리 만남의 축제",2019-11-01,2019-11-30,"부산광역시",35.0984232,129.0368573,30,"50일미만",11,2019,"금"
"733","부산크리스마스트리문화축제",2019-11-16,2020-01-05,"부산광역시",35.0995432,129.0315084,51,"50일이상",11,2019,"토"
"734","세계 민속춤 축제",2018-09-11,2018-09-12,"서울특별시",37.561842,127.036664,2,"50일미만",9,2018,"화"
"735","태조 이성계 축제",2018-10-19,2018-10-20,"서울특별시",37.554368,127.049411,2,"50일미만",10,2018,"금"
"736","응봉산 해맞이축제",2019-01-01,2019-01-01,"서울특별시",37.548551,127.030821,1,"1일",1,2019,"화"
"737","응봉산 개나리축체",2019-03-29,2019-03-31,"서울특별시",37.548551,127.030821,3,"50일미만",3,2019,"금"
"740","2019 오륙도 평화축제",2019-10-19,2019-10-20,"부산광역시",35.12625953,129.1003507,2,"50일미만",10,2019,"토"
"741","담양대나무축제",2019-05-01,2019-05-06,"전라남도",35.32121077,126.9881755,6,"50일미만",5,2019,"수"
"742","담양산타축제",2019-12-13,2019-12-31,"전라남도",35.32121077,126.9881755,19,"50일미만",12,2019,"금"
"744","창평전통음식문화축제",2020-10-26,2020-10-28,"전라남도",35.23525084,127.0178938,3,"50일미만",10,2020,"월"
"745","가로수사랑음악회",2019-11-03,2019-11-03,"전라남도",35.3161579,126.9840291,1,"1일",11,2019,"일"
"746","고서포도축제",2019-07-20,2019-07-21,"전라남도",35.22370105,126.9729391,2,"50일미만",7,2019,"토"
"747","해운대 북극곰축제",2019-01-05,2019-01-06,"부산광역시",35.15790016,129.1458546,2,"50일미만",1,2019,"토"
"748","낙동강유채꽃 축제",2019-04-06,2019-04-14,"부산광역시",35.20984733,128.9845542,9,"50일미만",4,2019,"토"
"749","원도심활성화 축제",2019-05-25,2019-05-26,"부산광역시",35.10619853,129.0323505,2,"50일미만",5,2019,"토"
"750","부산바다축제",2019-08-02,2019-08-06,"부산광역시",35.153968,129.119989,5,"50일미만",8,2019,"금"
"751","부산국제록페스티벌",2019-07-27,2019-07-28,"부산광역시",35.16833555,128.9733583,2,"50일미만",7,2019,"토"
"752","부산불꽃축제",2019-11-02,2019-11-02,"부산광역시",35.153968,129.119989,1,"1일",11,2019,"토"
"753","부산크리스마스트리축제",2019-11-16,2020-01-05,"부산광역시",35.09929696,129.0258061,51,"50일이상",11,2019,"토"
"754","부산시민의종 타종식",2019-12-31,2020-01-01,"부산광역시",35.15790016,129.1724709,2,"50일미만",12,2019,"화"
"755","부산항축제",2019-05-25,2019-05-26,"부산광역시",35.11774625,129.0491459,2,"50일미만",5,2019,"토"
"756","조선통신사 축제",2019-05-03,2019-05-06,"부산광역시",35.1009305,129.0324434,4,"50일미만",5,2019,"금"
"757","광주 남한산성문화제",2019-09-27,2019-09-29,"경기도",37.476835,127.1836325,3,"50일미만",9,2019,"금"
"758","광주왕실도자기축제",2019-04-26,2019-05-12,"경기도",37.35028421,127.3347877,17,"50일미만",4,2019,"금"
"760","소래포구축제",2019-09-27,2019-09-29,"인천광역시",37.38349123,126.7083559,3,"50일미만",9,2019,"금"
"761","고려산진달래축제",2019-04-20,2019-04-28,"인천광역시",37.77370952,126.4353365,9,"50일미만",4,2019,"토"
"762","배내골고로쇠축제",2019-03-02,2019-03-03,"경상남도",35.48686206,128.9860377,2,"50일미만",3,2019,"토"
"763","원동청정미나리축제",2019-03-01,2019-03-31,"경상남도",35.38015379,128.9211173,31,"50일미만",3,2019,"금"
"764","배내골사과축제",2018-11-03,2018-11-04,"경상남도",35.48686206,128.9860377,2,"50일미만",11,2018,"토"
"765","원동매화축제",2019-03-13,2019-03-14,"경상남도",35.42085217,128.9410364,2,"50일미만",3,2019,"수"
"766","양산웅상회야제",2019-05-11,2019-05-12,"경상남도",35.37762785,129.1434288,2,"50일미만",5,2019,"토"
"767","양산삽량문화축전",2018-10-12,2018-10-14,"경상남도",35.33345075,129.036759,3,"50일미만",10,2018,"금"
"768","계룡군문화축제",2018-10-05,2018-10-09,"충청남도",36.274229,127.248827,5,"50일미만",10,2018,"금"
"769","제15회 영등포 여의도 봄꽃축제",2019-04-05,2019-04-11,"서울특별시",37.5329136,126.9164036,7,"50일미만",4,2019,"금"
"770","난설헌문화제",2019-04-27,2019-04-28,"강원도",37.7919383,128.9092743,2,"50일미만",4,2019,"토"
"771","강릉단오제",2019-06-03,2019-06-10,"강원도",37.7480352,128.8950714,8,"50일미만",6,2019,"월"
"772","강릉커피축제",2019-10-03,2019-10-06,"강원도",37.77929864,128.8970866,4,"50일미만",10,2019,"목"
"773","허균문화제",2019-09-21,2019-09-22,"강원도",37.7919383,128.9092743,2,"50일미만",9,2019,"토"
"774","경산자인단오제",2019-06-07,2019-06-09,"경상북도",35.81784645,128.8189949,3,"50일미만",6,2019,"금"
"776","동래읍성역사축제",2020-10-09,2020-10-11,"부산광역시",35.21195234,129.090544,3,"50일미만",10,2020,"금"
"782","제5회바회마을 화전민 축제",2018-07-27,2018-07-27,"강원도",37.88568137,128.0995934,1,"1일",7,2018,"금"
"787","제19회광안리어방축제",2019-04-26,2019-04-28,"부산광역시",35.15377436,129.1185216,3,"50일미만",4,2019,"금"
"788","부산 차이나타운특구 문화축제",2019-10-18,2019-10-20,"부산광역시",35.11507608,129.0375502,3,"50일미만",10,2019,"금"
"789","울산쇠부리축제",2019-05-10,2019-05-12,"울산광역시",35.58270881,129.3612559,3,"50일미만",5,2019,"금"
"790","음성품바축제",2019-05-22,2019-05-26,"충청북도",36.93152313,127.6806296,5,"50일미만",5,2019,"수"
"791","설성문화제",2019-08-28,2019-08-31,"충청북도",36.93427623,127.6906949,4,"50일미만",8,2019,"수"
"792","인삼축제",2019-09-26,2019-09-29,"충청북도",36.9908114,127.5951552,4,"50일미만",9,2019,"목"
"793","고추축제",2019-08-28,2019-08-31,"충청북도",36.93427623,127.6906949,4,"50일미만",8,2019,"수"
"794","평생학습대축제",2019-10-11,2019-10-12,"충청북도",36.93427623,127.6906949,2,"50일미만",10,2019,"금"
"795","음성들깨축제",2019-10-04,2019-10-05,"충청북도",36.93154954,127.686661,2,"50일미만",10,2019,"금"
"796","제15회 영양산나물축제",2019-05-02,2019-05-05,"경상북도",36.66718111,129.1123668,4,"50일미만",5,2019,"목"
"797","2019 영양고추 H.O.T Festival",2019-08-27,2019-08-29,"서울특별시",37.56631769,126.9778284,3,"50일미만",8,2019,"화"
"798","화학산 고산 철쭉제",2018-05-03,2019-05-04,"전라남도",34.8763048,126.9700258,367,"1년이상",5,2018,"목"
"799","화순 동구리 호수공원 봄축제",2019-04-20,2019-04-21,"전라남도",35.06012746,126.984544,2,"50일미만",4,2019,"토"
"800","화순운주문화축제",2019-05-11,2019-05-12,"전라남도",34.92032245,126.8767649,2,"50일미만",5,2019,"토"
"801","백아산 철쭉제",2019-05-03,2019-05-04,"전라남도",35.1680715,127.1322882,2,"50일미만",5,2019,"금"
"802","화순고인돌문화축제",2019-04-20,2019-04-21,"전라남도",34.99632962,126.9174738,2,"50일미만",4,2019,"토"
"803","화순 국화향연",2019-10-25,2019-11-10,"전라남도",35.05831397,126.9851617,17,"50일미만",10,2019,"금"
"804","이서적벽 문화제",2019-10-12,2019-10-13,"전라남도",35.11028864,127.0712287,2,"50일미만",10,2019,"토"
"805","달배달맞이축제",2019-02-19,2019-02-19,"대구광역시",35.7988027,128.5482878,1,"1일",2,2019,"화"
"806","장미꽃 필(feel)무렵",2019-05-07,2019-05-11,"대구광역시",35.85741306,128.5144577,5,"50일미만",5,2019,"화"
"807","선사문화축제",2019-05-25,2019-05-25,"대구광역시",35.82024569,128.5178249,1,"1일",5,2019,"토"
"808","희망달서 큰잔치",2019-10-11,2019-10-13,"대구광역시",35.84969139,128.5501611,3,"50일미만",10,2019,"금"
"809","달서가족축제",2019-05-05,2019-05-05,"대구광역시",35.83282135,128.4872359,1,"1일",5,2019,"일"
"810","달서구평생학습대축제",2019-09-28,2019-09-28,"대구광역시",35.84969139,128.5501611,1,"1일",9,2019,"토"
"811","고3문화축제",2019-12-06,2019-12-06,"대구광역시",35.8594593,128.4863475,1,"1일",12,2019,"금"
"812","두류 젊음의 거리 2019 달서 맛 페스티벌",2019-10-12,2019-10-12,"대구광역시",35.85497187,128.5526057,1,"1일",10,2019,"토"
"813","제1회 상록수문화제",2013-08-31,2013-08-31,"경기도",37.29964386,126.8627,1,"1일",8,2013,"토"
"814","제2회 상록수문화제",2014-09-27,2014-09-27,"경기도",37.29964386,126.8627,1,"1일",9,2014,"토"
"815","안산시도서관책문화축제",2014-10-14,2014-10-14,"경기도",37.29840309,126.8191347,1,"1일",10,2014,"화"
"816","안산국제거리극축제",2015-05-01,2015-05-03,"경기도",37.3107415,126.8298216,3,"50일미만",5,2015,"금"
"817","제8회 세계인의 날 기념행사",2015-05-17,2015-05-17,"경기도",37.33243625,126.7903427,1,"1일",5,2015,"일"
"818","안산M밸리록페스티벌",2015-07-24,2015-07-26,"경기도",37.28706697,126.575056,3,"50일미만",7,2015,"금"
"819","여르미오페스티벌",2015-08-08,2015-08-08,"경기도",37.3107415,126.8298216,1,"1일",8,2015,"토"
"820","안산 대부포도축제",2015-09-12,2015-09-13,"경기도",37.28706697,126.575056,2,"50일미만",9,2015,"토"
"821","제3회 상록수문화제",2015-09-19,2015-09-19,"경기도",37.29964386,126.8627,1,"1일",9,2015,"토"
"822","안산시도서관책문화축제",2015-10-24,2015-10-24,"경기도",37.29840309,126.8191347,1,"1일",10,2015,"토"
"823","안산국제거리극축제",2016-05-05,2016-05-08,"경기도",37.3107415,126.8298216,4,"50일미만",5,2016,"목"
"824","제9회 세계인의 날 기념행사",2016-05-22,2016-05-22,"경기도",37.33243625,126.7903427,1,"1일",5,2016,"일"
"825","여르미오페스티벌",2016-08-13,2016-08-13,"경기도",37.31842647,126.8231075,1,"1일",8,2016,"토"
"826","제4회 상록수문화제",2016-09-10,2016-09-10,"경기도",37.29964386,126.8627,1,"1일",9,2016,"토"
"827","2016 평생학습 박람회 & 제6회 도서관책문화축제",2016-10-01,2016-10-01,"경기도",37.29840309,126.8191347,1,"1일",10,2016,"토"
"828","안산국제거리극축제",2017-05-05,2017-05-07,"경기도",37.3107415,126.8298216,3,"50일미만",5,2017,"금"
"829","제10주년 세계인의 날 기념행사",2017-05-21,2017-05-21,"경기도",37.3107415,126.8298216,1,"1일",5,2017,"일"
"830","제5회 상록수문화제",2017-09-16,2017-09-16,"경기도",37.29964386,126.8627,1,"1일",9,2017,"토"
"831","2017 안산시 평생학습 박람회 & 제7회 안산시도서관책문화축제",2017-10-14,2017-10-14,"경기도",37.31470083,126.8312116,1,"1일",10,2017,"토"
"832","안산국제거리극축제",2018-05-05,2018-05-07,"경기도",37.3107415,126.8298216,3,"50일미만",5,2018,"토"
"833","여르미오페스티벌",2018-08-04,2018-08-04,"경기도",37.31842647,126.8231075,1,"1일",8,2018,"토"
"834","제6회 상록수문화제",2018-09-15,2018-09-15,"경기도",37.29964386,126.8627,1,"1일",9,2018,"토"
"835","2018 안산시 평생학습 한마당 & 제8회 안산시도서관책문화축제",2018-10-09,2018-10-09,"경기도",37.29840309,126.8191347,1,"1일",10,2018,"화"
"836","2018 안산 김홍도축제",2018-10-12,2018-10-14,"경기도",37.32567447,126.813771,3,"50일미만",10,2018,"금"
"837","안산사이언스밸리(ASV) 과학축제",2018-10-20,2018-10-21,"경기도",37.29800374,126.8343934,2,"50일미만",10,2018,"토"
"838","제11주년 세계인의 날 기념행사",2018-11-04,2018-11-04,"경기도",37.32567447,126.813771,1,"1일",11,2018,"일"
"839","안산국제거리극축제",2019-05-04,2019-05-06,"경기도",37.3107415,126.8298216,3,"50일미만",5,2019,"토"
"840","별빛달빛놀이터",2019-05-17,2019-05-17,"경기도",37.330422,126.816788,1,"1일",5,2019,"금"
"841","청소년의달 기념행사 <열정유>",2019-05-19,2019-05-19,"경기도",37.330422,126.816788,1,"1일",5,2019,"일"
"842","제12주년 세계인의 날 기념행사",2019-05-19,2019-05-19,"경기도",37.3107415,126.8298216,1,"1일",5,2019,"일"
"843","청소년어울림마당 1회차",2019-06-01,2019-06-01,"경기도",37.32625264,126.853291,1,"1일",6,2019,"토"
"844","청소년어울림마당 2회차",2019-07-20,2019-07-20,"경기도",37.32625264,126.853291,1,"1일",7,2019,"토"
"845","그랑꼬또 와인 페스티벌",2019-08-30,2019-08-31,"경기도",37.25747121,126.5825449,2,"50일미만",8,2019,"금"
"847","청소년어울림마당 3회차",2019-09-28,2019-09-28,"경기도",37.326253,126.853291,1,"1일",9,2019,"토"
"848","제7회 상록수문화제",2019-10-26,2019-10-26,"경기도",37.29964386,126.8627,1,"1일",10,2019,"토"
"849","청소년어울림마당 4회차",2019-10-26,2019-10-26,"경기도",37.326253,126.853291,1,"1일",10,2019,"토"
"850","청소년어울림마당 5회차",2019-11-02,2019-11-02,"경기도",37.326253,126.853291,1,"1일",11,2019,"토"
"854","2019 대한민국 국향대전",2019-10-18,2019-11-03,"전라남도",35.05618964,126.5199487,17,"50일미만",10,2019,"금"
"855","성산일출축제",2018-12-30,2019-01-01,"제주특별자치도",33.4621467,126.9364271,3,"50일미만",12,2018,"일"
"856","서귀포겨울바다 국제펭귄수영대회",2019-01-01,2019-01-01,"제주특별자치도",33.2444327,126.4161942,1,"1일",1,2019,"화"
"857","제주윈터페스티벌",2018-12-20,2019-01-06,"제주특별자치도",33.5146078,126.5265933,18,"50일미만",12,2018,"목"
"858","제주 라프 별빛축제",2018-11-01,2019-03-15,"제주특별자치도",33.4868384,126.707013,135,"50일이상",11,2018,"목"
"859","탐라국입춘굿놀이",2019-02-02,2019-02-04,"제주특별자치도",33.5133537,126.5214452,3,"50일미만",2,2019,"토"
"860","제주왕벚꽃축제",2019-03-27,2019-03-31,"제주특별자치도",33.50414427,126.5173665,5,"50일미만",3,2019,"수"
"861","제주들불축제",2019-03-07,2019-03-10,"제주특별자치도",33.3511411,126.3877935,4,"50일미만",3,2019,"목"
"862","서귀포 유채꽃 국제걷기대회",2019-03-23,2019-03-24,"제주특별자치도",33.24621974,126.5092777,2,"50일미만",3,2019,"토"
"863","가파도청보리축제",2019-03-30,2019-05-12,"제주특별자치도",33.16623426,126.2689384,44,"50일미만",3,2019,"토"
"864","제37회 제주유채꽃축제",2019-04-04,2019-04-07,"제주특별자치도",33.38309728,126.7362849,4,"50일미만",4,2019,"목"
"865","제11회 우도소라축제",2019-04-12,2019-04-14,"제주특별자치도",33.4926799,126.9517219,3,"50일미만",4,2019,"금"
"866","탐라문화콘서트 - 놀젠놀장",2019-04-20,2019-05-25,"제주특별자치도",33.512315,126.5257578,36,"50일미만",4,2019,"토"
"867","삼다공원 야간콘서트·야몬딱털장",2019-04-26,2019-08-23,"제주특별자치도",33.4889302,126.495671,120,"50일이상",4,2019,"금"
"868","제3회 제주오라 청보리 & 유채꽃 축제",2019-04-26,2019-05-31,"제주특별자치도",33.4391416,126.4899471,36,"50일미만",4,2019,"금"
"869","제 9회 수월봉 트레일",2019-04-25,2019-04-28,"제주특별자치도",33.2947595,126.1612544,4,"50일미만",4,2019,"목"
"870","2019 제주 봄여행주간",2019-04-27,2019-05-12,"제주특별자치도",33.4863166,126.4990979,16,"50일미만",4,2019,"토"
"871","한라산청정고사리축제",2019-04-27,2019-04-28,"제주특별자치도",33.3300626,126.6774032,2,"50일미만",4,2019,"토"
"872","설문대할망 페스티벌 2019",2019-05-01,2019-05-31,"제주특별자치도",33.4486627,126.6589493,31,"50일미만",5,2019,"수"
"873","제주푸드앤와인페스티벌",2019-05-02,2019-05-11,"제주특별자치도",33.4770439,126.4748646,10,"50일미만",5,2019,"목"
"874","방선문축제",2019-05-04,2019-05-05,"제주특별자치도",33.451122,126.515948,2,"50일미만",5,2019,"토"
"875","제주,100년의 시간여행 - 제주다크투어",2019-05-04,2019-11-30,"제주특별자치도",33.5133537,126.5214452,211,"50일이상",5,2019,"토"
"876","제6회 국제전기자동차엑스포",2019-05-08,2019-05-11,"제주특별자치도",33.2413649,126.4245153,4,"50일미만",5,2019,"수"
"877","2019 사려니숲 에코힐링 체험",2019-05-25,2019-06-02,"제주특별자치도",33.4018105,126.6753835,9,"50일미만",5,2019,"토"
"878","제주국제관광마라톤축제",2019-05-26,2019-05-26,"제주특별자치도",33.5561992,126.7616506,1,"1일",5,2019,"일"
"879","2019 봄 시즌글라스 녹차 페스티벌 청초밭 제주",2019-05-31,2019-06-09,"제주특별자치도",33.4180593,126.7809714,10,"50일미만",5,2019,"금"
"880","2019 보목자리돔축제",2019-05-31,2019-06-02,"제주특별자치도",33.23920545,126.6068305,3,"50일미만",5,2019,"금"
"881","2019 곶자왈 반딧불이 축제",2019-06-01,2019-07-15,"제주특별자치도",33.3020203,126.25912,45,"50일미만",6,2019,"토"
"882","2019 제주 메밀축제",2019-06-01,2019-06-02,"제주특별자치도",33.32805926,126.3796828,2,"50일미만",6,2019,"토"
"883","제주해비치아트페스티벌",2019-06-10,2019-06-13,"제주특별자치도",33.3234478,126.8447796,4,"50일미만",6,2019,"월"
"884","스테핑스톤페스티벌",2019-07-12,2019-07-13,"제주특별자치도",33.542722,126.6692481,2,"50일미만",7,2019,"금"
"885","2019년도 거문오름국제트레킹",2019-07-20,2019-07-28,"제주특별자치도",33.4569205,126.7147513,9,"50일미만",7,2019,"토"
"886","금능 원담축제",2019-07-28,2019-07-29,"제주특별자치도",33.391126,126.2363373,2,"50일미만",7,2019,"일"
"887","이호테우축제",2019-07-27,2019-07-29,"제주특별자치도",33.4961851,126.4559518,3,"50일미만",7,2019,"토"
"888","황태축제",2019-06-06,2019-06-09,"강원도",38.2208221,128.3705583,4,"50일미만",6,2019,"목"
"889","진동계곡산나물축제",2019-05-18,2019-05-19,"강원도",37.9640042,128.4051257,2,"50일미만",5,2019,"토"
"890","인제빙어축제",2019-01-26,2019-02-03,"강원도",37.98808996,128.0955517,9,"50일미만",1,2019,"토"
"891","2019 대전 서구힐링 아트페스티벌",2019-05-24,2019-05-26,"대전광역시",36.35505672,127.3833597,3,"50일미만",5,2019,"금"
"892","가파도청보리축제",2019-03-30,2019-05-12,"제주특별자치도",33.16973194,126.2712937,44,"50일미만",3,2019,"토"
"893","제주유채꽃축제",2019-04-04,2019-04-07,"제주특별자치도",33.38309728,126.7362849,4,"50일미만",4,2019,"목"
"894","한라산청정 고사리축제",2019-04-27,2019-04-28,"제주특별자치도",33.33005821,126.6773368,2,"50일미만",4,2019,"토"
"895","보목자리돔축제",2019-05-31,2019-06-02,"제주특별자치도",33.24571595,126.6002645,3,"50일미만",5,2019,"금"
"896","한여름밤 솜반천 청소년영상문화축제",2019-07-20,2019-07-21,"제주특별자치도",33.25597105,126.5601806,2,"50일미만",7,2019,"토"
"897","예래생태체험축제",2019-07-27,2019-07-28,"제주특별자치도",33.24121093,126.3787175,2,"50일미만",7,2019,"토"
"898","돈내코계곡 원앙축제",2019-08-03,2019-08-04,"제주특별자치도",33.30050357,126.5819509,2,"50일미만",8,2019,"토"
"899","표선해변 하얀모래축제",2019-08-03,2019-08-04,"제주특별자치도",33.3265291,126.8287399,2,"50일미만",8,2019,"토"
"900","쇠소깍축제",2019-08-24,2019-08-25,"제주특별자치도",33.26819982,126.6107448,2,"50일미만",8,2019,"토"
"901","서귀포칠십리축제",2019-09-27,2019-09-28,"제주특별자치도",33.24346238,126.5690934,2,"50일미만",9,2019,"금"
"902","덕수리 전통민속축제",2019-10-05,2019-10-06,"제주특별자치도",33.25116349,126.3231819,2,"50일미만",10,2019,"토"
"903","중문칠선녀축제",2019-10-19,2019-10-20,"제주특별자치도",33.25309409,126.418965,2,"50일미만",10,2019,"토"
"905","2019 서귀포과학문화축전",2019-09-07,2019-09-07,"제주특별자치도",33.28885163,126.460416,1,"1일",9,2019,"토"
"906","서귀포 3분 관광영화제",2019-08-23,2019-08-23,"제주특별자치도",33.25141739,126.5076218,1,"1일",8,2019,"금"
"907","2020 부평풍물대축제",2020-10-16,2020-10-18,"인천광역시",37.49765011,126.7220754,3,"50일미만",10,2020,"금"
"908","태백산눈축제",2019-01-18,2019-02-04,"강원도",37.1626608,128.9868699,18,"50일미만",1,2019,"금"
"909","한강낙동강발원지축제",2019-07-20,2019-08-04,"강원도",37.1626608,128.9868699,16,"50일미만",7,2019,"토"
"910","목포항구축제",2019-10-04,2019-10-07,"전라남도",34.7828401,126.3922513,4,"50일미만",10,2019,"금"
"912","제26회 연천구석기축제",2018-05-04,2018-05-07,"경기도",38.0141103,127.0572224,4,"50일미만",5,2018,"금"
"913","군산시간여행축제",2019-10-04,2019-10-06,"전라북도",35.99081984,126.7119533,3,"50일미만",10,2019,"금"
"914","부천국제판타스틱영화제",2019-06-27,2019-07-07,"경기도",37.5034813,126.7658019,11,"50일미만",6,2019,"목"
"915","부천전국비보이대회",2019-04-20,2019-04-20,"경기도",37.506512,126.757053,1,"1일",4,2019,"토"
"916","부천국제만화축제",2019-08-14,2019-08-18,"경기도",37.5087667,126.7422647,5,"50일미만",8,2019,"수"
"917","부천세계비보이대회",2019-09-06,2019-09-08,"경기도",37.506512,126.757053,3,"50일미만",9,2019,"금"
"918","부천전국대학가요제",2019-08-31,2019-08-31,"경기도",37.4791781,126.7889915,1,"1일",8,2019,"토"
"919","부천국제애니메이션페스티벌",2019-10-18,2019-10-22,"경기도",37.5087667,126.7422647,5,"50일미만",10,2019,"금"
"920","동해무릉제",2019-10-04,2019-10-06,"강원도",37.5230127,129.1143227,3,"50일미만",10,2019,"금"
"921","정월대보름달맞이축제",2011-02-17,2011-02-17,"대구광역시",35.86936,128.606226,1,"1일",2,2011,"목"
"922","봉산도예전",2011-04-07,2011-04-13,"대구광역시",35.863797,128.596776,7,"50일미만",4,2011,"목"
"923","「제34회 대구약령시 한방문화축제」",2011-05-03,2011-05-07,"대구광역시",35.867194,128.593426,5,"50일미만",5,2011,"화"
"924","동성로축제",2011-05-20,2011-05-22,"대구광역시",35.869181,128.595424,3,"50일미만",5,2011,"금"
"925","대구화교중화문화축제",2011-08-30,2011-08-31,"대구광역시",35.868911,128.592136,2,"50일미만",8,2011,"화"
"926","중구미술협회전",2011-10-04,2011-10-09,"대구광역시",35.863373,128.5965657,6,"50일미만",10,2011,"화"
"927","봉산미술제",2011-10-06,2011-10-12,"대구광역시",35.863797,128.596776,7,"50일미만",10,2011,"목"
"928","정월대보름달맞이축제",2012-02-06,2012-02-06,"대구광역시",35.86936,128.606226,1,"1일",2,2012,"월"
"929","봉산도예전",2012-04-06,2012-04-12,"대구광역시",35.863797,128.596776,7,"50일미만",4,2012,"금"
"930","「제35회 대구약령시 한방문화축제」",2012-05-02,2012-05-06,"대구광역시",35.867194,128.593426,5,"50일미만",5,2012,"수"
"931","동성로축제",2012-05-18,2012-05-20,"대구광역시",35.869181,128.595424,3,"50일미만",5,2012,"금"
"932","봉산미술제",2012-10-12,2012-10-18,"대구광역시",35.863797,128.596776,7,"50일미만",10,2012,"금"
"933","대구화교중화문화축제",2012-10-13,2012-10-13,"대구광역시",35.868911,128.592136,1,"1일",10,2012,"토"
"934","중구미술협회전",2012-12-21,2012-12-28,"대구광역시",35.863373,128.5965657,8,"50일미만",12,2012,"금"
"935","정월대보름달맞이축제",2013-02-22,2013-02-22,"대구광역시",35.86936,128.606226,1,"1일",2,2013,"금"
"936","봉산도예전",2013-04-09,2014-04-17,"대구광역시",35.863797,128.596776,374,"1년이상",4,2013,"화"
"937","「제36회 대구약령시 한방문화축제」",2013-05-08,2013-05-12,"대구광역시",35.867194,128.593426,5,"50일미만",5,2013,"수"
"938","동성로축제",2013-05-17,2013-05-19,"대구광역시",35.869181,128.595424,3,"50일미만",5,2013,"금"
"939","봉산미술제",2013-10-15,2013-10-21,"대구광역시",35.863797,128.596776,7,"50일미만",10,2013,"화"
"940","중구미술협회전",2013-10-15,2013-10-21,"대구광역시",35.863373,128.5965657,7,"50일미만",10,2013,"화"
"941","대구화교중화문화축제",2013-10-18,2013-10-18,"대구광역시",35.868911,128.592136,1,"1일",10,2013,"금"
"942","정월대보름달맞이축제",2014-02-14,2014-02-14,"대구광역시",35.86936,128.606226,1,"1일",2,2014,"금"
"943","봉산도예전",2014-04-11,2014-04-17,"대구광역시",35.863797,128.596776,7,"50일미만",4,2014,"금"
"944","「제37회 대구약령시 한방문화축제」",2014-10-01,2014-10-05,"대구광역시",35.867194,128.593426,5,"50일미만",10,2014,"수"
"945","동성로축제",2014-10-03,2014-10-05,"대구광역시",35.869181,128.595424,3,"50일미만",10,2014,"금"
"946","대구화교중화문화축제",2014-10-04,2014-10-05,"대구광역시",35.868911,128.592136,2,"50일미만",10,2014,"토"
"947","봉산미술제",2014-10-14,2014-10-20,"대구광역시",35.863797,128.596776,7,"50일미만",10,2014,"화"
"948","중구미술협회전",2014-11-11,2014-11-16,"대구광역시",35.863373,128.5965657,6,"50일미만",11,2014,"화"
"949","향촌동수제화골목 2014년「빨간구두 이야기」",2014-11-15,2014-11-16,"대구광역시",35.872928,128.592447,2,"50일미만",11,2014,"토"
"950","정월대보름달맞이축제",2015-03-05,2015-03-05,"대구광역시",35.86936,128.606226,1,"1일",3,2015,"목"
"951","약령개장 357주년 2015「대구약령시 한방문화축제」",2015-04-15,2015-04-19,"대구광역시",35.867194,128.593426,5,"50일미만",4,2015,"수"
"952","동성로축제",2015-05-01,2015-05-03,"대구광역시",35.869181,128.595424,3,"50일미만",5,2015,"금"
"953","봉산도예전",2015-05-01,2015-05-05,"대구광역시",35.863797,128.596776,5,"50일미만",5,2015,"금"
"954","향촌동수제화골목 2015년「빨간구두 이야기」",2015-05-02,2015-05-03,"대구광역시",35.872928,128.592447,2,"50일미만",5,2015,"토"
"955","대구화교중화문화축제",2015-10-17,2015-10-18,"대구광역시",35.868911,128.592136,2,"50일미만",10,2015,"토"
"956","봉산미술제",2015-10-20,2015-10-26,"대구광역시",35.863797,128.596776,7,"50일미만",10,2015,"화"
"957","정월대보름달맞이축제",2016-02-22,2016-02-22,"대구광역시",35.86936,128.606226,1,"1일",2,2016,"월"
"958","2016 대구약령시한방문화축제",2016-05-04,2016-05-08,"대구광역시",35.867194,128.593426,5,"50일미만",5,2016,"수"
"959","봉산도예전",2016-05-10,2016-05-16,"대구광역시",35.863797,128.596776,7,"50일미만",5,2016,"화"
"960","동성로축제",2016-05-13,2016-05-15,"대구광역시",35.869181,128.595424,3,"50일미만",5,2016,"금"
"961","향촌동수제화골목 2016년「빨간구두 이야기」",2016-05-14,2016-05-15,"대구광역시",35.872928,128.592447,2,"50일미만",5,2016,"토"
"962","봉산미술제",2016-10-20,2016-10-26,"대구광역시",35.863797,128.596776,7,"50일미만",10,2016,"목"
"963","대구화교중화문화축제",2016-10-22,2016-10-23,"대구광역시",35.868911,128.592136,2,"50일미만",10,2016,"토"
"964","봉산조형페스티벌 도예조각전",2017-04-25,2017-05-01,"대구광역시",35.863797,128.596776,7,"50일미만",4,2017,"화"
"965","2017 대구약령시한방문화축제",2017-05-03,2017-05-07,"대구광역시",35.867194,128.593426,5,"50일미만",5,2017,"수"
"966","동성로축제",2017-05-12,2017-05-14,"대구광역시",35.869181,128.595424,3,"50일미만",5,2017,"금"
"967","대구워터페스티벌",2017-07-30,2017-07-30,"대구광역시",35.874203,128.591765,1,"1일",7,2017,"일"
"968","대구 근대路야행",2017-08-25,2017-08-26,"대구광역시",35.868839,128.589995,2,"50일미만",8,2017,"금"
"969","대구화교중화문화축제",2017-10-14,2017-10-15,"대구광역시",35.868911,128.592136,2,"50일미만",10,2017,"토"
"970","대구스트리트 모터 페스티벌",2017-10-21,2017-10-22,"대구광역시",35.857551,128.588345,2,"50일미만",10,2017,"토"
"971","봉산미술제",2017-10-18,2017-10-24,"대구광역시",35.863797,128.596776,7,"50일미만",10,2017,"수"
"972","향촌동수제화골목 2017년「빨간구두 이야기」",2017-10-28,2017-10-29,"대구광역시",35.872928,128.592447,2,"50일미만",10,2017,"토"
"973","제1회 북성로 축제",2017-10-29,2017-10-29,"대구광역시",35.874676,128.591662,1,"1일",10,2017,"일"
"974","봉산도자기축제",2018-04-10,2018-04-16,"대구광역시",35.863797,128.596776,7,"50일미만",4,2018,"화"
"975","2018 대구약령시한방문화축제",2018-05-03,2018-05-07,"대구광역시",35.867194,128.593426,5,"50일미만",5,2018,"목"
"976","동성로축제",2018-05-11,2018-05-13,"대구광역시",35.869181,128.595424,3,"50일미만",5,2018,"금"
"977","방천골목오페라축제",2018-06-14,2018-06-16,"대구광역시",35.859633,128.606064,3,"50일미만",6,2018,"목"
"978","대구 근대路야행(1회)",2018-08-24,2018-08-25,"대구광역시",35.868839,128.589995,2,"50일미만",8,2018,"금"
"979","대구 근대路야행(2회)",2018-09-07,2018-09-08,"대구광역시",35.866926,128.585614,2,"50일미만",9,2018,"금"
"980","김광석노래부르기",2018-09-15,2018-09-15,"대구광역시",35.856117,128.616238,1,"1일",9,2018,"토"
"981","대구화교중화문화축제",2018-10-20,2018-10-21,"대구광역시",35.868911,128.592136,2,"50일미만",10,2018,"토"
"982","대구스트리트 모터 페스티벌",2018-10-06,2018-10-07,"대구광역시",35.857551,128.588345,2,"50일미만",10,2018,"토"
"983","봉산미술제",2018-10-10,2018-10-16,"대구광역시",35.863797,128.596776,7,"50일미만",10,2018,"수"
"984","제2회 북성로 축제",2018-10-20,2018-10-21,"대구광역시",35.874676,128.591662,2,"50일미만",10,2018,"토"
"985","향촌동수제화골목 2018년「빨간구두 이야기」",2018-10-13,2018-10-14,"대구광역시",35.872928,128.592447,2,"50일미만",10,2018,"토"
"986","김광석추모콘서트",2019-01-06,2019-01-06,"대구광역시",35.86143308,128.606826,1,"1일",1,2019,"일"
"987","봉산도자기축제",2019-04-19,2019-04-21,"대구광역시",35.863797,128.596776,3,"50일미만",4,2019,"금"
"988","2019 대구약령시한방문화축제",2019-05-02,2019-05-06,"대구광역시",35.867194,128.593426,5,"50일미만",5,2019,"목"
"989","동성로축제",2019-05-10,2019-05-12,"대구광역시",35.869181,128.595424,3,"50일미만",5,2019,"금"
"990","대구스트리트 모터 페스티벌",2019-05-18,2019-05-19,"대구광역시",35.857551,128.588345,2,"50일미만",5,2019,"토"
"991","대구 문화제 야행",2019-08-23,2019-08-24,"대구광역시",35.868839,128.589995,2,"50일미만",8,2019,"금"
"992","김광석노래부르기",2019-09-21,2019-09-21,"대구광역시",35.856117,128.616238,1,"1일",9,2019,"토"
"993","2019 여주오곡나루축제(취소)",2019-10-17,2019-10-20,"경기도",37.30014172,127.6545493,4,"50일미만",10,2019,"목"
"994","용전들노래 가을걷이 한마당",2019-10-26,2019-10-26,"광주광역시",35.23893658,126.8973084,1,"1일",10,2019,"토"
"995","제21회 용전들노래 정기공연",2019-07-27,2019-07-27,"광주광역시",35.23893658,126.8973084,1,"1일",7,2019,"토"
"996","해맞이축제",2019-01-01,2019-01-01,"서울특별시",37.58138626,126.8054465,1,"1일",1,2019,"화"
"997","개화산 봄꽃축제",2019-04-20,2019-04-20,"서울특별시",37.58093172,126.8141197,1,"1일",4,2019,"토"
"998","우장산 신록축제",2019-05-25,2019-05-25,"서울특별시",37.55343651,126.8436485,1,"1일",5,2019,"토"
"999","한여름 밤의 페스티벌",2019-08-31,2019-08-31,"서울특별시",37.53838161,126.857063,1,"1일",8,2019,"토"
"1000","허준축제",2019-10-11,2019-10-13,"서울특별시",37.56759867,126.8537291,3,"50일미만",10,2019,"금"
"1001","꽃지저녁노을축제",2018-12-31,2019-12-31,"충청남도",36.502448,126.335462,366,"1년이상",12,2018,"월"
"1002","백화산 해맞이 행사",2018-01-01,2019-01-01,"충청남도",36.76786466,126.3017087,366,"1년이상",1,2018,"월"
"1003","연포 해맞이 행사",2018-01-01,2019-01-01,"충청남도",36.69434027,126.2102393,366,"1년이상",1,2018,"월"
"1004","2016 광복기념음악회",2016-08-15,2016-08-15,"경기도",37.38528888,126.9076745,1,"1일",8,2016,"월"
"1005","2014 안양 아줌마축제",2014-08-30,2014-08-31,"경기도",37.39013727,126.9613302,2,"50일미만",8,2014,"토"
"1006","2015 안양 시민축제",2015-10-02,2015-10-04,"경기도",37.39013727,126.9613302,3,"50일미만",10,2015,"금"
"1007","2015 안양 아줌마축제",2015-05-30,2015-05-31,"경기도",37.39013727,126.9613302,2,"50일미만",5,2015,"토"
"1008","2016 안양 시민축제",2016-09-24,2016-09-25,"경기도",37.39013727,126.9613302,2,"50일미만",9,2016,"토"
"1009","2016 안양 아줌마축제",2016-05-28,2016-05-29,"경기도",37.39013727,126.9613302,2,"50일미만",5,2016,"토"
"1010","2016 제5회 안양공공예술프로젝트",2016-10-15,2016-12-15,"경기도",37.4194056,126.925606,62,"50일이상",10,2016,"토"
"1011","2014 안양시민축제",2014-09-26,2014-09-28,"경기도",37.39013727,126.9613302,3,"50일미만",9,2014,"금"
"1012","2017 안양충훈벚꽃축제",2017-04-07,2017-04-09,"경기도",37.40461526,126.8961574,3,"50일미만",4,2017,"금"
"1013","2017 안양 아줌마축제",2017-05-27,2017-05-28,"경기도",37.39013727,126.9613302,2,"50일미만",5,2017,"토"
"1014","2017 광복기념음악회",2017-08-15,2017-08-15,"경기도",37.38458779,126.9313651,1,"1일",8,2017,"화"
"1015","2017 안양 시민축제",2017-09-15,2017-09-17,"경기도",37.39013727,126.9613302,3,"50일미만",9,2017,"금"
"1016","2018 안양충훈벚꽃축제",2018-04-07,2018-04-15,"경기도",37.40461526,126.8961574,9,"50일미만",4,2018,"토"
"1017","2018 안양여성축제",2018-05-12,2018-05-13,"경기도",37.39013727,126.9613302,2,"50일미만",5,2018,"토"
"1018","2018 광복기념음악회",2018-08-15,2018-08-15,"경기도",37.38528888,126.9076745,1,"1일",8,2018,"수"
"1019","2018 안양 시민축제",2018-09-14,2018-09-16,"경기도",37.39013727,126.9613302,3,"50일미만",9,2018,"금"
"1020","2019 안양충훈벚꽃축제",2019-04-05,2019-04-07,"경기도",37.40461526,126.8961574,3,"50일미만",4,2019,"금"
"1021","2019 안양여성축제",2019-05-18,2019-05-19,"경기도",37.39013727,126.9613302,2,"50일미만",5,2019,"토"
"1022","2019 광복기념음악회",2019-08-15,2019-08-15,"경기도",37.38528888,126.9076745,1,"1일",8,2019,"목"
"1023","2019 안양 시민축제",2019-09-20,2019-09-22,"경기도",37.39013727,126.9613302,3,"50일미만",9,2019,"금"
"1024","정월대보름 달맞이 행사",2019-02-19,2019-02-19,"대구광역시",35.86471972,128.7142948,1,"1일",2,2019,"화"
"1025","팔공산 단풍축제",2019-10-01,2019-10-31,"대구광역시",35.98991385,128.6970594,31,"50일미만",10,2019,"화"
"1026","팔공산 벚꽃축제",2019-04-05,2019-04-09,"대구광역시",35.98991385,128.6970594,5,"50일미만",4,2019,"금"
"1027","용암산성 옥샘문화재",2019-10-01,2019-10-31,"대구광역시",35.90997576,128.65013,31,"50일미만",10,2019,"화"
"1030","윤봉길평화축제",2020-04-29,2020-04-30,"충청남도",36.6865377,126.6513825,2,"50일미만",4,2020,"수"
"1031","예산장터삼국축제",2020-10-16,2020-10-22,"충청남도",36.67611933,126.8479256,7,"50일미만",10,2020,"금"
"1032","보물섬남해 설천참굴축제",2019-12-29,2020-01-02,"경상남도",34.92471051,127.9139368,5,"50일미만",12,2019,"일"
"1033","상주해돋이&물메기축제",2019-12-31,2020-01-01,"경상남도",34.72221206,127.9874449,2,"50일미만",12,2019,"화"
"1034","가천다랭이마을해맞이행사",2020-01-01,2020-01-01,"경상남도",34.7275136,127.8940684,1,"1일",1,2020,"수"
"1035","장미축제",2019-05-31,2019-06-02,"강원도",37.3468572,127.9303177,3,"50일미만",5,2019,"금"
"1036","남한강 물축제",2019-07-27,2019-07-28,"강원도",37.2060766,127.7482256,2,"50일미만",7,2019,"토"
"1037","원주 용수골 꽃 양귀비축제",2019-05-25,2019-06-09,"강원도",37.2839426,127.9404457,16,"50일미만",5,2019,"토"
"1038","원주 다이내믹 댄싱카니발",2019-09-03,2019-09-08,"강원도",37.336428,127.9462616,6,"50일미만",9,2019,"화"
"1039","원주 한지문화제",2019-05-02,2019-05-06,"강원도",37.33437725,127.9353773,5,"50일미만",5,2019,"목"
"1040","제22회 보령머드축제",2019-07-19,2019-07-28,"충청남도",36.304496,126.517026,10,"50일미만",7,2019,"금"
"1041","제20회 만세보령문화제",2018-10-05,2018-10-06,"충청남도",36.332811,126.6120001,2,"50일미만",10,2018,"금"
"1042","제21회 무창포 신비의 바닷길 축제",2019-08-30,2019-09-01,"충청남도",36.244576,126.536544,3,"50일미만",8,2019,"금"
"1043","2019 대천겨울바다 사랑축제",2019-12-24,2019-12-28,"충청남도",36.304496,126.517026,5,"50일미만",12,2019,"화"
"1044","제23회 보령머드축제",2020-07-17,2020-07-26,"충청남도",36.304496,126.517026,10,"50일미만",7,2020,"금"
"1045","송년불꽃축제",2019-12-31,2019-12-31,"경상남도",34.86591448,128.7245182,1,"1일",12,2019,"화"
"1054","바다로 세계로",2019-08-01,2019-08-04,"경상남도",34.88052883,128.6208143,4,"50일미만",8,2019,"목"
"1055","블루거제페스티벌",2019-07-31,2019-08-02,"경상남도",34.86717826,128.7233592,3,"50일미만",7,2019,"수"
"1058","거제 섬꽃축제",2019-10-26,2019-11-03,"경상남도",34.85656738,128.579596,9,"50일미만",10,2019,"토"
"1060","달맞이축제",2019-02-19,2019-02-19,"강원도",38.1063244,127.981517,1,"1일",2,2019,"화"
"1061","곰취축제",2019-05-04,2019-05-06,"강원도",38.1063244,127.981517,3,"50일미만",5,2019,"토"
"1062","도솔산지구전투 전승행사",2019-06-15,2019-06-15,"강원도",38.1063244,127.981517,1,"1일",6,2019,"토"
"1063","배꼽축제",2019-08-02,2019-08-04,"강원도",38.1063244,127.981517,3,"50일미만",8,2019,"금"
"1068","제19회 사상전통달집놀이",2019-02-19,2019-02-19,"부산광역시",35.1688207,128.9764729,1,"1일",2,2019,"화"
"1069","제11회 삼락벚꽃축제",2019-03-31,2019-03-31,"부산광역시",35.1688207,128.9764729,1,"1일",3,2019,"일"
"1070","제18회 사상강변축제",2019-03-30,2019-03-31,"부산광역시",35.1688207,128.9764729,2,"50일미만",3,2019,"토"
"1071","감악문화축제",2019-09-08,2019-09-08,"경기도",37.89321812,126.9745793,1,"1일",9,2019,"일"
"1072","2019 양주 천만송이 천일홍 축제",2019-09-21,2019-09-22,"경기도",37.785795,127.081833,2,"50일미만",9,2019,"토"
"1073","남양주다산문화제",2017-09-15,2017-09-17,"경기도",37.517002,127.299253,3,"50일미만",9,2017,"금"
"1074","울진대게와 붉은대게 축제",2019-02-28,2019-03-03,"경상북도",36.968686,129.401084,4,"50일미만",2,2019,"목"
"1076","울진금강송송이축제와 친환경농산물축제",2019-10-03,2019-10-06,"경상북도",36.968686,129.401084,4,"50일미만",10,2019,"목"
"1077","성류문화제",2019-10-11,2019-10-13,"경상북도",36.957175,129.379074,3,"50일미만",10,2019,"금"
"1078","함백산야생화축제",2017-07-29,2017-08-05,"강원도",37.14853562,128.898962,8,"50일미만",7,2017,"토"
"1079","민둥산억새꽃축제",2017-09-22,2017-10-29,"강원도",37.25494758,128.779595,38,"50일미만",9,2017,"금"
"1080","정선아리랑제",2017-09-29,2017-10-02,"강원도",37.38024298,128.6602287,4,"50일미만",9,2017,"금"
"1081","2018 정선고드름축제",2018-02-07,2018-02-25,"강원도",37.37998163,128.6650479,19,"50일미만",2,2018,"수"
"1082","2019 안성맞춤 남사당 바우덕이축제",2019-10-02,2019-10-06,"경기도",37.03286724,127.3078041,5,"50일미만",10,2019,"수"
"1083","도리사 해맞이 행사",2019-01-01,2019-01-01,"경상북도",36.255674,128.3991718,1,"1일",1,2019,"화"
"1084","3.1운동 애국지사 최재화 목사 추모행사",2019-03-01,2019-03-01,"경상북도",36.22608252,128.369204,1,"1일",3,2019,"금"
"1086","선산 비봉 민속축제",2019-05-04,2019-05-04,"경상북도",36.24820016,128.2950621,1,"1일",5,2019,"토"
"1087","부처님 오신날 맞이 도리사 연등 축제",2019-05-12,2019-05-12,"경상북도",36.255674,128.3991718,1,"1일",5,2019,"일"
"1088","부처님 오신날 맞이 보천사 연등 축제",2019-05-12,2019-05-12,"경상북도",36.20338154,128.373552,1,"1일",5,2019,"일"
"1089","제11회 구미시민 녹색자전거 대행진",2019-09-21,2019-09-21,"경상북도",36.099427,128.4017505,1,"1일",9,2019,"토"
"1090","의령 가례 밭미나리 축제",2019-03-02,2019-03-10,"경상남도",35.3334922,128.2455004,9,"50일미만",3,2019,"토"
"1091","제47회의병제전",2019-04-18,2019-04-21,"경상남도",35.31557358,128.2674987,4,"50일미만",4,2019,"목"
"1092","제20회 한우산 철쭉제",2019-04-28,2019-04-28,"경상남도",35.42680807,128.2132993,1,"1일",4,2019,"일"
"1093","풍암골 신암마을 당산제",2020-02-19,2020-02-19,"광주광역시",35.123999,126.8794277,1,"1일",2,2020,"수"
"1094","서구민한가족대축제",2020-05-01,2020-05-01,"광주광역시",35.15339511,126.8410975,1,"1일",5,2020,"금"
"1095","전국 애송시 낭송대회",2020-05-01,2020-05-30,"광주광역시",35.13196581,126.8598511,30,"50일미만",5,2020,"금"
"1096","만드리 풍년제",2020-07-01,2020-07-30,"광주광역시",35.1071746,126.8231387,30,"50일미만",7,2020,"수"
"1097","영산강 서창들녁 억새축제",2020-10-01,2020-10-30,"광주광역시",35.13849504,126.828739,30,"50일미만",10,2020,"목"
"1098","서구여성합창단 정기 연주회",2020-11-01,2020-11-30,"광주광역시",35.15202894,126.890113,30,"50일미만",11,2020,"일"
"1099","인천개항장문화재야행",2019-06-15,2019-06-16,"인천광역시",37.47408104,126.6213401,2,"50일미만",6,2019,"토"
"1100","인천개항장문화재야행",2019-09-07,2019-09-08,"인천광역시",37.47408104,126.6213401,2,"50일미만",9,2019,"토"
"1101","제물포 문화선교축제",2019-04-05,2019-04-05,"인천광역시",37.47457903,126.6226671,1,"1일",4,2019,"금"
"1105","구민의 날 문화불꽃축제",2019-09-28,2019-09-28,"인천광역시",37.47457903,126.6226671,1,"1일",9,2019,"토"
"1106","연안부두 축제",2019-10-01,2019-10-31,"인천광역시",37.45413694,126.607164,31,"50일미만",10,2019,"화"
"1108","향수옥천 포도복숭아축제",2019-07-26,2019-07-28,"충청북도",36.30238347,127.5736891,3,"50일미만",7,2019,"금"
"1109","감자옥수수 축제",2019-07-13,2019-07-14,"충청북도",36.39273698,127.6597819,2,"50일미만",7,2019,"토"
"1110","옥천깻잎축제",2019-06-08,2019-06-08,"충청북도",36.2784587,127.5275736,1,"1일",6,2019,"토"
"1111","제26회 대덕제 대구 앞산빨래터 축제",2019-04-27,2019-04-28,"대구광역시",35.831799,128.5645966,2,"50일미만",4,2019,"토"
"1113","평창송어축제",2018-12-22,2019-01-27,"강원도",37.633141,128.556979,37,"50일미만",12,2018,"토"
"1114","대관령눈꽃축제",2019-01-18,2019-01-27,"강원도",37.670709,128.704625,10,"50일미만",1,2019,"금"
"1115","평창더위사냥축제",2019-07-26,2019-08-04,"강원도",37.5029817,128.4509361,10,"50일미만",7,2019,"금"
"1116","평창효석문화제",2019-09-07,2019-09-15,"강원도",37.6140307,128.3715931,9,"50일미만",9,2019,"토"
"1117","평창백일홍축제",2019-09-06,2019-09-15,"강원도",37.367265,128.3945387,10,"50일미만",9,2019,"금"
"1118","오대산문화축전",2019-10-02,2019-10-06,"강원도",37.7341253,128.5877722,5,"50일미만",10,2019,"수"
"1119","곡성세계장미축제",2019-05-17,2019-05-26,"전라남도",35.2780945,127.3074651,10,"50일미만",5,2019,"금"
"1120","곡성심청축제",2019-10-03,2019-10-06,"전라남도",35.2768226,127.307299,4,"50일미만",10,2019,"목"
"1121","당항포대첩축제",2019-04-26,2019-04-28,"경상남도",35.05322615,128.3920276,3,"50일미만",4,2019,"금"
"1122","K-POP광장 야외시네마",2019-04-26,2019-10-04,"서울특별시",37.51182328,127.0591597,162,"50일이상",4,2019,"금"
"1124","K-POP 뮤직페스티벌",2019-05-30,2019-10-03,"서울특별시",37.51182328,127.0591597,127,"50일이상",5,2019,"목"
"1125","2019 강남페스티벌 패션쇼",2019-09-28,2019-09-29,"서울특별시",37.51182328,127.0591597,2,"50일미만",9,2019,"토"
"1126","2019 강남페스티벌",2019-09-26,2019-10-05,"서울특별시",37.51182328,127.0591597,10,"50일미만",9,2019,"목"
"1127","C-festival 2019",2019-05-02,2019-05-06,"서울특별시",37.51182328,127.0591597,5,"50일미만",5,2019,"목"
"1128","롤링나이트 2019",2019-06-05,2019-06-30,"서울특별시",37.51182328,127.0591597,26,"50일미만",6,2019,"수"
"1130","영도구룡축제",2019-03-30,2019-03-30,"부산광역시",35.0749124,129.0684034,1,"1일",3,2019,"토"
"1131","동삼풍어제",2019-04-05,2019-04-05,"부산광역시",35.06937472,129.0809397,1,"1일",4,2019,"금"
"1132","발복기원제",2019-06-11,2019-06-11,"부산광역시",35.0819541,129.0552017,1,"1일",6,2019,"화"
"1133","제14회 수국꽃 문화축제",2019-06-29,2019-07-07,"부산광역시",35.05597301,129.0897518,9,"50일미만",6,2019,"토"
"1134","제27회 영도다리축제",2019-10-11,2019-10-13,"부산광역시",35.09449915,129.0391352,3,"50일미만",10,2019,"금"
"1135","제18회 합천벚꽃마라톤대회",2019-04-01,2019-04-01,"경상남도",35.56233059,128.1507189,1,"1일",4,2019,"월"
"1136","제35회 대야문화제",2019-09-07,2019-09-10,"경상남도",35.56452275,128.1694128,4,"50일미만",9,2019,"토"
"1137","제23회 황매산철쭉제",2019-04-28,2019-05-13,"경상남도",35.480966,127.984829,16,"50일미만",4,2019,"일"
"1138","고스트파크",2019-07-27,2019-08-19,"경상남도",35.54877253,128.0728984,24,"50일미만",7,2019,"토"
"1139","2019합천 바캉스축제",2019-07-27,2019-07-31,"경상남도",35.5568785,128.1668246,5,"50일미만",7,2019,"토"
"1140","현인가요제",2019-08-01,2019-08-04,"부산광역시",35.07682117,129.0180502,4,"50일미만",8,2019,"목"
"1141","부산고등어축제",2019-10-25,2019-10-27,"부산광역시",35.07682117,129.0180502,3,"50일미만",10,2019,"금"
"1142","아산성웅이순신축제",2019-04-24,2019-04-28,"충청남도",36.78074391,127.0022181,5,"50일미만",4,2019,"수"
"1143","신정호 별빛축제",2019-08-01,2019-08-10,"충청남도",36.77260735,126.9831403,10,"50일미만",8,2019,"목"
"1144","설화예술제",2019-09-27,2019-09-29,"충청남도",36.77260735,126.9831403,3,"50일미만",9,2019,"금"
"1145","도고 코미디 핫 페스트 IN 아산",2018-09-28,2018-09-30,"충청남도",36.76551565,126.8879982,3,"50일미만",9,2018,"금"
"1146","짚풀문화제",2019-10-11,2019-10-13,"충청남도",36.73099329,127.014409,3,"50일미만",10,2019,"금"
"1150","울산옹기축제",2020-05-01,2020-05-05,"울산광역시",35.435069,129.2795088,5,"50일미만",5,2020,"금"
"1152","울주세계산악영화제",2020-04-03,2020-04-07,"울산광역시",35.556348,129.067604,5,"50일미만",4,2020,"금"
"1153","간절곶해맞이",2019-12-31,2020-01-01,"울산광역시",35.35903711,129.3606753,2,"50일미만",12,2019,"화"
"1154","제22회 무안연꽃축제",2018-08-09,2018-08-12,"전라남도",34.86008849,126.5298962,4,"50일미만",8,2018,"목"
"1155","2018 무안황토갯벌축제",2018-09-07,2018-09-09,"전라남도",35.103769,126.332198,3,"50일미만",9,2018,"금"
"1156","광양매화축제",2019-03-08,2019-03-17,"전라남도",34.94063056,127.6959675,10,"50일미만",3,2019,"금"
"1157","백운산국사봉철쭉축제",2019-04-01,2019-04-01,"전라남도",34.98936299,127.7001825,1,"1일",4,2019,"월"
"1158","광양전어축제",2019-09-01,2019-09-01,"전라남도",34.97164706,127.7587907,1,"1일",9,2019,"일"
"1159","광양숯불구이축제",2019-10-01,2019-10-01,"전라남도",34.9733415,127.5810489,1,"1일",10,2019,"화"
"1160","은평누리축제",2019-10-03,2019-10-05,"서울특별시",37.59861742,126.9158455,3,"50일미만",10,2019,"목"
"1161","인디스트리트 생활음악페스티벌''뮤직스트릿 파티''",2019-08-30,2019-08-31,"서울특별시",37.59861742,126.9158455,2,"50일미만",8,2019,"금"
"1162","천안흥타령춤축제",2019-09-25,2019-09-29,"충청남도",36.78224776,127.1671385,5,"50일미만",9,2019,"수"
"1163","대학가요제 및 연합축제",2019-10-01,2019-10-01,"충청남도",36.81809858,127.1557889,1,"1일",10,2019,"화"
"1164","천안예술제",2019-10-12,2019-10-14,"충청남도",36.82604873,127.1621045,3,"50일미만",10,2019,"토"
"1165","입장거봉포도축제",2019-09-09,2019-09-10,"충청남도",36.91362961,127.2197586,2,"50일미만",9,2019,"월"
"1166","천안성환배축제",2019-10-27,2019-10-27,"충청남도",36.91293937,127.1369272,1,"1일",10,2019,"일"
"1167","천안호두축제",2019-10-13,2019-10-14,"충청남도",36.67384688,127.0538805,2,"50일미만",10,2019,"일"
"1168","천안북면위례벚꽃축제",2019-04-14,2019-04-15,"충청남도",36.78865255,127.2580713,2,"50일미만",4,2019,"일"
"1169","천안춤영화제",2019-09-06,2019-09-08,"충청남도",36.80861267,127.1522554,3,"50일미만",9,2019,"금"
"1170","정월대보름축제",2019-02-19,2019-03-02,"강원도",37.849584,127.7436448,12,"50일미만",2,2019,"화"
"1171","춘천마임축제",2019-05-26,2019-06-02,"강원도",37.87309646,127.7278377,8,"50일미만",5,2019,"일"
"1172","춘천연극제",2019-06-15,2019-06-22,"강원도",37.88237557,127.731333,8,"50일미만",6,2019,"토"
"1173","소양강문화제",2019-09-26,2019-09-28,"강원도",37.849584,127.7436448,3,"50일미만",9,2019,"목"
"1174","춘천인형극제",2019-09-28,2019-10-03,"강원도",37.9210964,127.7201052,6,"50일미만",9,2019,"토"
"1175","김유정추모제",2019-03-29,2019-03-29,"강원도",37.81831318,127.717698,1,"1일",3,2019,"금"
"1176","봄내예술제",2019-05-10,2019-05-29,"강원도",37.88252734,127.731333,20,"50일미만",5,2019,"금"
"1177","춘천인음악회",2019-06-29,2019-06-29,"강원도",37.8564737,127.7467644,1,"1일",6,2019,"토"
"1178","전국관악경연대회",2019-08-20,2019-08-22,"강원도",37.8785527,127.7260249,3,"50일미만",8,2019,"화"
"1179","전국합창경연대회",2019-08-23,2019-08-24,"강원도",37.8785527,127.7260249,2,"50일미만",8,2019,"금"
"1180","마임교실 운영지원",2019-05-07,2019-09-06,"강원도",37.8734185,127.7278377,123,"50일이상",5,2019,"화"
"1181","문화의거리 문화한마당",2019-08-17,2019-09-07,"강원도",37.8734185,127.7278377,22,"50일미만",8,2019,"토"
"1182","2019 무한청춘 페스티벌",2019-09-06,2019-09-08,"강원도",37.87261489,127.7293399,3,"50일미만",9,2019,"금"
"1183","춘천국제고음악제",2019-09-21,2019-09-28,"강원도",37.8774474,127.7288095,8,"50일미만",9,2019,"토"
"1184","강원아트페어춘천전",2019-06-11,2019-06-16,"강원도",37.8824701,127.731333,6,"50일미만",6,2019,"화"
"1185","김유정문학제",2019-10-01,2019-10-08,"강원도",37.81831318,127.717698,8,"50일미만",10,2019,"화"
"1186","춘천가족음악축제",2019-09-21,2019-09-22,"강원도",37.86760654,127.7216035,2,"50일미만",9,2019,"토"
"1187","제27회 화도진축제",2016-05-20,2016-05-21,"인천광역시",37.476747,126.632239,2,"50일미만",5,2016,"금"
"1188","제28회 화도진축제",2017-05-19,2017-05-20,"인천광역시",37.476747,126.632239,2,"50일미만",5,2017,"금"
"1189","제29회 화도진축제",2018-05-18,2018-05-19,"인천광역시",37.476747,126.632239,2,"50일미만",5,2018,"금"
"1190","제30회 화도진축제",2019-05-10,2019-05-11,"인천광역시",37.476747,126.632239,2,"50일미만",5,2019,"금"
"1191","동구문화예술한마당&막걸리페스티벌",2019-11-02,2019-11-22,"인천광역시",37.476747,126.632239,21,"50일미만",11,2019,"토"
