연번,시도별,시군구,시설명,시설구분(공공/민간),개관일자,공연장 등록일,공연장 면적(㎡),무대면적(㎡),객석수,구동무대 기계기구수
1,서울시,강남구,LG아트센터,민간,1999-12-06,1999-12-06,9455,456,1103,114
2,서울시,강남구,민속극장 풍류,공공,2002-11-22,2002-11-22,629,81,151,12
3,서울시,강남구,강남구민회관 강당,공공,2003-01-22,2003-01-22,804,141,516,15
4,서울시,강남구,유씨어터,민간,2003-01-09,2003-01-09,537,81,190,19
5,서울시,강남구,KOUS(코우스),공공,2003-05-19,2003-05-19,810,105,236,14
6,서울시,강남구,세라믹팔레스홀,민간,2004-12-10,2004-12-10,1701,129,438,13
7,서울시,강남구,코엑스아트홀,민간,2004-12-23,2004-12-23,39176,85,176,18
8,서울시,강남구,예림당아트홀,민간,2005-04-11,2005-04-11,2024,238,468,18
9,서울시,강남구,라트어린이극장,민간,2005-04-18,2005-04-18,367,130,164,4
10,서울시,강남구,백암아트홀,민간,2005-11-04,2005-11-04,949,166,424,19
11,서울시,강남구,성암아트센타,민간,2006-02-03,2006-02-03,277,84,201,31
12,서울시,강남구,오디토리움,민간,2006-03-13,2006-03-13,2104,276,1058,28
13,서울시,강남구,M극장(DTM),민간,2006-08-25,2006-08-25,251,85,0,8
14,서울시,강남구,KT&G 상상아트홀,민간,2006-10-31,2006-10-31,2068,169,416,13
15,서울시,강남구,KT&G 상상아트홀,민간,2006-12-04,2006-12-04,2068,50,70,0
16,서울시,강남구,코엑스아티움(CoexArtium),민간,2009-06-04,2009-06-04,3130,280,808,55
17,서울시,강남구,윤당아트홀 1관,민간,2009-09-15,2009-09-15,224,83,259,7
18,서울시,강남구,윤당아트홀 2관,민간,2009-09-14,2009-09-14,123,46,146,4
19,서울시,강남구,도곡2소극장,공공,2010-02-16,2010-02-16,264,56,140,11
20,서울시,강남구,오퍼스홀,민간,2010-06-29,2010-06-29,352,61,135,23
21,서울시,강남구,올림푸스홀,민간,2010-07-22,2010-07-22,401,83,238,7
22,서울시,강남구,일지아트홀,민간,2012-05-03,2012-05-03,623,123,240,10
23,서울시,강남구,삼익 피아노 홀,민간,2012-06-12,2012-06-12,401,63,0,0
24,서울시,강남구,로데오 극장,민간,2012-08-24,2012-08-24,217,11,0,23
25,서울시,강남구,바라아트홀,민간,2012-11-01,2012-11-01,220,56,113,28
26,서울시,강남구,역삼1문화센터 대강당,공공,2013-09-17,2013-09-17,324,70,230,23
27,서울시,강남구,스페이스 바움,민간,2013-10-16,2013-10-16,139,20,100,9
28,서울시,강동구,강동아트센터 대극장 한강,공공,2011-09-01,2011-01-28,1948,919,850,105
29,서울시,강동구,강동아트센터 소극장 드림,공공,2011-09-01,2011-01-28,495,0,250,22
30,서울시,강동구,강동어린이회관(아이누리홀),공공,2007-08-20,2007-08-20,474,29.24,176,4
31,서울시,강동구,암사어린이극장,민간,2009-08-03,2009-08-03,203,48,287,
32,서울시,강동구,호원아트홀,민간,2012-12-06,2012-12-06,389,88.38,456,
33,서울시,강북구,강북문화예술회관 대공연장,공공,2001-11-01,2002-12-30,1248,308,666,39
34,서울시,강북구,꿈의숲 퍼포먼스홀,공공,2009-10-17,2009-10-16,332,108,283,22
35,서울시,강북구,꿈의숲 콘서트홀,공공,2009-10-17,2009-10-16,340,82.5,301,4
36,서울시,강서구,강서구민회관 우장홀,공공,1989-03-14,2003-01-02,678,171,609,12
37,서울시,관악구청,관악문화관·도서관,공공,2002-10-11,2002-12-27,3705,370,698,36
38,서울시,도봉구,도봉구민회관 대강당,공공,,2004-06-30,1812,96,600,3
39,서울시,도봉구,도봉구민회관 소공연장,공공,,,471,0,193,0
40,서울시,도봉구,시립 창동문화체육센터 공연장,공공,,,364,0,214,0
41,서울시,도봉구,창동극장,민간,,,0,0,0,0
42,서울시,광진구,건국대학교 새천년대공연장,민간,2000-07-06,2000-07-06,1405,423,794,24
43,서울시,광진구,나루아트센터 대공연장,공공,2005-12-27,2005-12-27,853,412.63,664,0
44,서울시,광진구,나루아트센터 소공연장,공공,2005-12-27,2005-12-27,277,70.65,196,12
45,서울시,광진구, 악스,공공,2006-05-26,2006-06-02,3350,447,841,38
46,서울시,광진구,세종대학교 대양홀,민간,1998-02-11,1998-02-11,8319,533,342,13
47,서울시,광진구,와팝홀,민간,2004-01-20,2004-01-20,0,203,2062,26
48,서울시,광진구,워커힐 씨어터,민간,2002-12-17,2002-12-17,4445,1038,720,116
49,서울시,광진구,유니버설아트센터,민간,1981-11-13,1981-11-13,3061,530,1036,56
50,서울시,광진구,어린이회관 무지개극장,민간,1975-09-29,1975-09-29,938,240,352,10
51,서울시,광진구,롯데시네마 건대입구관(제5관),민간,2007-07-02,2007-07-02,0,458,233,16
52,서울시,광진구,서울시립광진청소년수련관대극장,공공,2010-09-27,2010-09-27,252,88.05,342,1
53,서울시,광진구,스타시티 아트홀,민간,2010-12-29,2010-12-29,269,72,190,0
54,서울시,광진구,동서울아트홀,민간,2011-04-14,2011-04-14,369,100,300,6
55,서울시,광진구,학생회관 대공연장,민간,2013-02-28,2013-02-28,1680,104,313,6
56,서울시,광진구,서울상상나라,공공,2013-08-01,2013-08-01,450,60,220,12
57,서울시,구로구,구로구민회관,공공,1989-02-15,2002-12-12,3586,238,545,16
58,서울시,구로구,프라임아트홀,민간,2007-12-15,2007-12-11,604,249.11,400,13
59,서울시,구로구,구로아트밸리 예술극장,공공,2007-12-15,2007-12-13,1362,296.02,611,45
60,서울시,구로구,디큐브아트센터,민간,2011-08-04,2011-08-16,11264,755,1242,253
61,서울시,구로구,통통이소극장,민간,2011-08-04,2011-08-20,133,25,93,21
62,서울시,구로구,예술나무씨어터,민간,2007-05-11,2013-04-01,0,104.48,278,0
63,서울시,금천구,구민문화체육센터극장,공공,2001-04-25,2001-04-25,373,56.8,305,14
64,서울시,금천구,금나래아트홀,공공,2009-01-13,2009-01-13,566,317,566,32
65,서울시,금천구,금천문화원,공공,2009-02-04,2009-02-04,281,53.5,129,4
66,서울시,금천구,레미어린이극장,민간,2012-06-21,2012-06-21,128,97,194,14
67,서울시,노원구,광운대학교 문화관 대극장,민간,1999-05-04,1999-05-04,2151,392,2038,36
68,서울시,노원구,노원문화예술회관 대공연장,공공,2004-10-01,2004-10-01,847,574.18,616,43
69,서울시,노원구,노원문화예술회관 소공연장,공공,2004-10-01,2004-10-01,414,148.3,292,15
70,서울시,노원구,노원어울림극장,공공,2013-02-22,2013-02-22,391,177,282,19
71,서울시,동작구,콘서트홀,민간,,2013-06-17,467,86.8,453,0
72,서울시,마포구,LIG아트홀,민간,2013-05-04,2013-05-04,843,173.39,190,13
73,서울시,마포구,가톨릭청년회관 CY씨어터,민간,2011-12-28,2011-12-28,857,100.51,200,12
74,서울시,마포구,김대범소극장,민간,2013-08-27,2013-08-27,142,33,99,8
75,서울시,마포구,롤링홀,민간,2012-01-26,2012-01-26,292,66,80,42
76,서울시,마포구,롯데카드 아트스페이스,민간,2013-08-26,2013-08-26,860,34.1,255,8
77,서울시,마포구,롯데카드 아트홀,민간,2012-12-13,2012-12-13,1300,290.2,425,10
78,서울시,마포구,마포아트센터 아트홀맥,공공,2002-12-30,2002-12-30,2621,435.67,789,51
79,서울시,마포구,마포아트센터 플레이맥,공공,2010-01-03,2010-01-03,488,60,170,13
80,서울시,마포구,뮤직 퍼포밍 크랙홀,민간,2013-10-22,2013-10-22,123,22.81,111,2
81,서울시,마포구,브이홀,민간,2012-08-09,2012-08-09,628,45.58,300,18
82,서울시,마포구,블루라이트 라이브 홀,민간,2011-05-12,2011-05-12,187,36,80,4
83,서울시,마포구,상상마당 라이브홀,민간,2007-09-06,2007-09-06,622,46.8,120,0
84,서울시,마포구,성미산마을극장,민간,2012-11-12,2012-11-12,314,71.5,98,104
85,서울시,마포구,소극장 산울림,민간,2011-04-28,2011-04-28,159,17.5,76,2
86,서울시,마포구,소통홀,민간,2009-12-20,2009-12-20,229,39.89,200,1
87,서울시,마포구,씨제이아지트(CJ azit),민간,2009-06-11,2009-06-11,442,46,140,65
88,서울시,마포구,아르떼홀,민간,2013-12-16,2013-12-16,442,66,195,10
89,서울시,마포구,아트홀 베짱이,민간,2013-02-15,2013-02-15,243,46,250,4
90,서울시,마포구,얘기 아트 시어터,민간,2011-12-14,2011-12-14,117,82.2,50,0
91,서울시,마포구,에스제이비보이극장,민간,2006-05-09,2006-05-09,258,76.03,256,14
92,서울시,마포구,인디팍(INDI PARK),민간,2013-06-05,2013-06-05,272,33,220,6
93,서울시,마포구,임혁필 소극장,민간,2012-11-28,2012-11-28,272,18.92,92,6
94,서울시,마포구,제일라아트홀,민간,2014-01-21,2014-01-21,0,50.05,250,22
95,서울시,마포구,포스트극장,민간,2002-12-30,2002-12-30,208,74,200,4
96,서울시,마포구,홍대웨딩극장,민간,2012-05-24,2012-05-24,1050,82.6,370,38
97,서울시,마포구,VELOSO,민간,2014-08-06,2014-08-06,0,28,62,0
98,서울시,마포구,예스이십사 엠홀,민간,2014-08-29,2014-08-29,0,95.36,164,29
99,서울시,마포구,퍼즐 인형 극장,민간,2014-10-21,2014-10-21,0,4.5,30,0
100,서울시,서대문구,The stage(더스테이지),민간,2009-03-07,2009-03-06,165,120,252,75
101,서울시,서대문구,ECC 삼성홀,민간,2009-12-15,2009-12-14,0,405,708,49
102,서울시,서대문구,충정로 난타극장,민간,2011-09-02,2011-09-02,1020,117.3,582,30
103,서울시,서대문구,서대문문화체육회관,공공,2011-12-27,2011-12-27,550,198,589,18
104,서울시,서대문구,퀸라이브홀,민간,2012-01-26,2012-01-26,74,26.46,100,4
105,서울시,서대문구,무빙온(Moving On),민간,2012-06-22,2012-06-22,106,92,202,0
106,서울시,서초구,예술의전당 자유소극장,공공,1996-10-30,1996-10-30,521,198,300,37
107,서울시,서초구,예술의전당 토월극장,공공,2003-01-07,1996-10-30,1073,999,1004,108
108,서울시,서초구,예술의전당 리사이트홀,공공,2003-01-07,2000-04-21,280,109,375,2
109,서울시,서초구,예술의전당 오페라극장,공공,2003-01-07,2003-01-07,2566,1875,2340,197
110,서울시,서초구,예술의전당 콘서트홀,공공,2003-01-07,2003-01-07,2434,890,2596,6
111,서울시,서초구,예술의전당 IBK챔버홀,공공,2011-10-07,2011-10-07,1278,108,600,12
112,서울시,서초구,국립국악원 예악당,공공,2004-10-14,2004-10-14,3777,1140.7,734,85
113,서울시,서초구,국립국악원 우면당,공공,2004-10-14,2004-10-14,1310,252.7,348,42
114,서울시,서초구,국립국악원 풍류사랑방,공공,2013-10-15,2013-10-15,1422,175,130,27
115,서울시,서초구,국립국악원 연희마당,공공,2013-10-15,2013-10-15,481,221,260,4
116,서울시,서초구,한전아트센터 ,민간,1996-02-05,2001-04-30,1423,417,999,44
117,서울시,서초구,더케이서울호텔 대극장,민간,1991-05-01,1991-04-30,1452,448.8,998,30
118,서울시,서초구,한국예술종합학교 크누아홀,공공,2002-12-26,2002-12-26,511,158,406,38
119,서울시,서초구,모차르트콘서트홀,민간,2004-12-10,2004-12-10,186,48.8,201,1
120,서울시,서초구,영산양재홀,민간,2005-08-26,2005-10-05,343,44,201,1
121,서울시,서초구,화이트홀,민간,2010-04-26,2010-04-27,292,61,458,0
122,서울시,서초구,두리춤터(FOYER),민간,2012-09-21,2012-09-21,158,50.4,80,5
123,서울시,서초구,두리춤터(Black Box),민간,2012-09-21,2012-09-21,216,72,100,4
124,서울시,서초구,씨어터송,민간,2013-04-04,2013-04-04,254,130,120,0
125,서울시,서초구,뉴코아 소극장,민간,2013-05-21,2013-07-22,222,41.5,200,1
126,서울시,서초구,흰물결 아트홀,민간,2014-05-22,2014-05-22,0,41.32,193,0
127,서울시,서초구,서울바로크챔버홀,민간,2005-02-24,2005-02-24,0,36,218,6
128,서울시,서초구,네오아트홀,민간,2013-10-20,2013-10-20,216,66.11,230,0
129,서울시,성동구,소월아트홀,공공,2006-03-24,2005-12-28,455,175.89,520,35
130,서울시,성동구,백남아트홀,민간,2009-02-04,2012-03-23,210,82,208,12
131,서울시,성동구,성수아트홀,공공,2012-09-14,2012-09-14,274,140,352,36
132,서울시,성북구,미아리예술극장,공공,1998-03-20,2002-12-11,0,79.5,112,9
133,서울시,성북구,삼청각,공공,2001-10-29,2002-12-10,424,145,206,11
134,서울시,성북구,성북청소년수련관,공공,2002-09-01,2002-12-10,217,46.9,169,14
135,서울시,성북구,한국예술종합학교,공공,2007-04-30,2007-04-30,1898,1346.27,526,65
136,서울시,성북구,한국예술종합학교,공공,2007-04-30,2007-04-30,546,221.58,253,8
137,서울시,성북구,극장 봄,민간,2013-02-15,2013-02-15,146,69,55,0
138,서울시,송파구,송파여성문화회관 소극장,공공,2001-08-03,2001-08-03,432,60,180,16
139,서울시,송파구,가든스테이지,민간,2003-05-30,2003-05-30,121744,434.1,350,36
140,서울시,송파구,동화극장,민간,2003-05-30,2003-05-30,0,39.35,117,18
141,서울시,송파구,샤롯데 씨어터,민간,2006-10-11,2006-10-11,3031,839.7,1227,123
142,서울시,송파구,우리금융아트홀(올림픽역도경기장),공공,2009-08-25,2009-08-25,5778,577,1184,38
143,서울시,송파구,가든파이브아트홀,공공,2011-02-09,2011-02-09,1021,130.9,270,20
144,서울시,송파구,올림픽홀,공공,2011-07-18,2011-07-18,4390,498.8,2452,42
145,서울시,송파구,뮤즈 라이브,공공,2011-07-18,2011-07-18,866,63.25,240,7
146,서울시,송파구,엔씨소극장,민간,2011-12-28,2011-12-28,211,57.8,0,1
147,서울시,송파구,K-아트홀(태권도공연장),공공,2012-11-13,2012-11-13,7084,334.75,493,23
148,서울시,양천구,목동청소년수련관,공공,1988-10-26,2003-01-17,462,50,337,8
149,서울시,양천구,양천문화회관대극장,공공,1998-02-27,2002-12-30,2182,279,760,26
150,서울시,양천구,브로드홀,민간,1997-03-01,2012-04-06,288,84,375,11
151,서울시,양천구,드라폼(폐업신고 예정),민간,2012-12-24,2013-01-08,127,21.6,72,2
152,서울시,양천구,KT체임버홀,민간,2014-08-26,2014-08-26,5778,180,419,17
153,서울시,양천구,엔젤씨어터(폐업신고 예정),민간,2006-07-20,2006-07-20,0,168,497,16
154,서울시,영등포구,영산아트홀,민간,,,2330,146,623,11
155,서울시,영등포구,KBS아트홀,공공,,,0,1950,1661,2
156,서울시,영등포구,63아트홀(한화호텔앤드리조트 주식회사),민간,,,1728,121,451,19
157,서울시,영등포구,영등포아트홀,공공,,,768,269,526,30
158,서울시,영등포구,CGV신한카드아트홀,민간,,,1074,300,513,20
159,서울시,영등포구,틴아트홀,민간,,,710,59,150,16
160,서울시,영등포구,아리수아트홀,민간,,,396,52,320,0
161,서울시,영등포구,KBS아트홀,공공,2014-10-30,2014-10-30,0,162,372,16
162,서울시,용산구,극장 용,공공,2005-10-17,2005-10-17,1089,491,862,53
163,서울시,용산구,블루스퀘어(Blue Square) 뮤지컬공연장,공공,2011-11-04,2011-10-20,1594,761,1767,72
164,서울시,용산구,블루스퀘어(Blue Square) 콘서트공연장,공공,2011-11-04,2011-10-27,706,487,1400,36
165,서울시,은평구,은평문화예술회관,공공,1996-11-15,2009-01-05,862,264,701,25
166,서울시,용산구,용산아트홀 대극장 미르,공공,2010-07-01,2011-01-19,1013,300,787,30
167,서울시,용산구,용산아트홀 소극장 가람,공공,2010-07-01,2011-01-19,443,74,304,15
168,서울시,용산구,Project Box '시야',민간,2012-02-14,2012-02-14,260,44,140,15
169,서울시,용산구,동자아트홀,공공,2014-02-25,2014-02-25,0,51,157,7
170,서울시,종로구,동숭아트센타,민간,1989-03-09,1989-03-09,"7,096",153.36,453,38
171,서울시,종로구,두산아트센터 연강홀,민간,1993-05-13,1993-05-13,"3,842",300.78,620,24
172,서울시,종로구,아르코예술극장대극장,공공,2002-11-28,2002-11-28,"5,067",826,604,68
173,서울시,종로구,아르코예술극장소극장,공공,2002-11-28,2002-11-28,"5,067",185,92,1
176,서울시,종로구,종로구민회관 대강당,공공,2002-12-23,2002-12-23,476,112,456,14
177,서울시,종로구,정보소극장,민간,2002-12-23,2002-12-23,476,44,98,4
178,서울시,종로구,대학로극장,민간,2002-12-31,2002-12-31,"1,680",,150,0
179,서울시,종로구,청운예술극장,민간,2002-12-31,2002-12-31,316,29.3,140,8
180,서울시,종로구,단막극장,민간,2002-12-31,2002-12-31,120,,100,0
181,서울시,종로구,극단연우무대,민간,2002-12-31,2002-12-31,166,51.2,100,11
182,서울시,종로구,금호아트홀,민간,2002-12-31,2002-12-31,"54,672",64,390,6
183,서울시,종로구,부암아트홀,민간,2002-12-31,2002-12-31,"54,672",64,200,0
184,서울시,종로구,한성아트홀1관,민간,2002-12-31,2002-12-31,637,99,240,10
185,서울시,종로구,한성아트홀2관,민간,2002-12-31,2002-12-31,637,62,150,11
186,서울시,종로구,소극장아리랑,민간,2002-12-31,2002-12-31,198,52,120,12
188,서울시,종로구,아티스탄홀,민간,2003-01-06,2003-01-06,349,59.4,299,12
189,서울시,종로구,소극장축제,민간,2003-01-06,2003-01-06,277,48,103,7
190,서울시,종로구,샘터파랑새극장,민간,2003-01-06,2003-01-06,366,81.5,160,9
191,서울시,종로구,열린극장,민간,2003-01-06,2003-01-06,246,,150,0
192,서울시,종로구,이랑씨어터,민간,2003-01-06,2003-01-06,207,66,173,6
193,서울시,종로구,세종체임버홀,공공,2003-01-06,2003-01-06,"2,638",81,443,4
194,서울시,종로구,세종M씨어터,공공,2003-01-06,2003-01-06,"2,638",308.56,609,36
195,서울시,종로구,세종문화회관대극장,공공,2003-01-06,2003-01-06,"17,620",1653,3022,88
196,서울시,종로구,상상Art Blue,민간,2003-01-15,2003-01-15,136,45,100,6
197,서울시,종로구,학전블루소극장,민간,2003-01-27,2003-01-28,186,99,194,10
198,서울시,종로구,SM틴틴홀,민간,2003-03-27,2003-03-27,278,45,244,17
199,서울시,종로구,세우아트센타,민간,2003-08-18,2003-08-18,608,56,240,16
200,서울시,종로구,물빛극장,민간,2003-08-21,2003-08-21,278,45,146,8
201,서울시,종로구,예술극장 나무와물,민간,2004-03-05,2004-03-05,294,65.45,154,11
202,서울시,종로구,An아트홀 대학로관,민간,2004-03-18,2004-03-18,216,52,250,6
203,서울시,종로구,르·메이에르 소극장,민간,2004-04-01,2004-04-01,310,61,196,4
204,서울시,종로구,대학로 티오엠1관,민간,2004-04-28,2004-04-28,600,116,353,14
206,서울시,종로구,알과핵소극장,민간,2004-06-29,2004-06-29,356,70,177,6
207,서울시,종로구,상명아트홀1관,민간,2004-10-29,2004-10-29,270,80.72,163,11
211,서울시,종로구,예술마당4관,민간,2005-12-08,2005-12-08,346,85,232,0
212,서울시,종로구,예술마당1관,민간,2006-04-07,2006-04-07,765,85,276,10
213,서울시,종로구,예술마당2관,민간,2006-04-07,2006-04-07,346,85,230,10
214,서울시,종로구,예술마당3관,민간,2006-05-08,2006-05-08,354,85,230,6
215,서울시,종로구,문호아트홀,민간,2006-05-09,2006-05-09,387,38,210,2
216,서울시,종로구,동양예술극장 3관,민간,2007-03-21,2007-03-21,0,68.8,162,14
217,서울시,종로구,동양예술극장 2관,민간,2007-03-21,2007-03-21,0,59,223,8
218,서울시,종로구,동양예술극장 1관,민간,2007-03-21,2007-03-21,0,128,245,19
219,서울시,종로구,전통문화예술공연장,민간,2007-04-13,2007-04-13,432,159,242,11
220,서울시,종로구,대학로 티오엠2관,민간,2007-04-26,2007-04-26,83,72,157,13
221,서울시,종로구,열림홀,민간,2007-04-26,2007-04-26,381,32,143,6
222,서울시,종로구,동키홀,민간,2007-05-31,2007-05-31,310,56,230,18
223,서울시,종로구,광화문아트홀,공공,2007-08-30,2007-08-30,507,112,370,18
224,서울시,종로구,두산아트센터 Space111,민간,2007-09-28,2007-09-28,797,153.25,300,0
225,서울시,종로구,선돌극장,민간,2007-12-20,2007-12-20,129,72.16,130,0
226,서울시,종로구,나온씨어터,민간,2008-04-17,2008-04-17,56,36.3,116,0
227,서울시,종로구,사랑하면 춤을춰라 전용관,민간,2008-05-30,2008-05-30,421,160,388,0
228,서울시,종로구,대학로예술극장 대극장,공공,2008-11-28,2008-11-28,"1,253",396,504,94
229,서울시,종로구,대학로예술극장소극장,공공,2008-11-28,2008-11-28,"1,253",119,136,24
230,서울시,종로구,에스엠아트홀,민간,2009-02-13,2009-02-13,317,69.5,342,15
231,서울시,종로구,대학로예술극장3관,공공,2009-09-14,2009-09-14,237,67,184,150
232,서울시,종로구,대학로 아트원씨어터 1관,민간,2009-12-11,2009-12-11,627,127.53,393,14
233,서울시,종로구,대학로 아트원씨어터 2관,민간,2009-12-11,2009-12-11,370,73.2,293,0
234,서울시,종로구,한양레퍼토리씨어터,민간,2010-05-04,2010-05-04,391,65.83,191,3
235,서울시,종로구,북촌아트홀,민간,,2010-08-27,148,66,160,1
236,서울시,종로구,Ground-SYN(그라운드 씬),민간,2010-09-20,2010-09-20,188,46.75,201,16
237,서울시,종로구,해피씨어터,민간,2010-11-03,2010-11-03,252,63.18,232,15
238,서울시,종로구,컬처스페이스 엔유(Culture Space nu),민간,2010-11-24,2010-11-24,524,89.23,314,1
239,서울시,종로구,대학로바탕골소극장,민간,2010-12-06,2010-12-06,194,54.32,190,11
240,서울시,종로구,샘터파랑새극장2관,민간,2011-05-04,2011-05-04,218,45.1,143,11
241,서울시,종로구,게릴라극장,민간,2006-05-15,2011-06-09,112,42,75,28
242,서울시,종로구,피카소 소극장,민간,2007-05-18,2011-06-21,90,29,85,0
243,서울시,종로구,대학로스타시티 오씨어터,민간,2011-07-21,2011-07-21,247,50.2,115,15
244,서울시,종로구,소극장 달,민간,2011-07-21,2011-07-21,331,49.6,160,10
245,서울시,종로구,소극장 해,민간,2011-07-21,2011-07-21,383,60.9,209,12
246,서울시,종로구,동덕 코튼홀,민간,,2011-07-28,732,155.4,401,29
247,서울시,종로구,파라디소,민간,2010-01-08,2011-09-08,157,39.6,138,0
248,서울시,종로구,마로니에극장,민간,2010-12-01,2011-10-04,147,72.76,100,0
249,서울시,종로구,북촌나래홀,민간,2011-10-13,2011-10-13,80,42.1,100,1
250,서울시,종로구,대학로아트원씨어터3관,민간,2011-10-26,2011-10-26,274,90,165,0
251,서울시,종로구,소리아트홀3관,민간,2011-12-19,2011-12-19,210,40.85,155,0
252,서울시,종로구,소리아트홀1관,민간,2011-12-19,2011-12-19,239,49.35,199,0
253,서울시,종로구,소리아트홀2관,민간,2011-12-19,2011-12-19,239,45,165,0
254,서울시,종로구,도향 아트홀,민간,2011-12-21,2011-12-21,179,60.3,160,0
255,서울시,종로구,상명아트홀2관,민간,2012-01-04,2012-01-04,109,48,94,6
256,서울시,종로구,호은아트홀,민간,2003-04-01,2012-01-18,269,19.8,237,7
257,서울시,종로구,경복궁아트홀,민간,2012-01-31,2012-01-31,288,43.97,155,1
258,서울시,종로구,시네코아 1관,민간,2012-04-16,2012-04-16,694,119,376,2
259,서울시,종로구,(주)시네코아 2관,민간,2012-04-16,2012-04-16,694,157,378,1
260,서울시,종로구,중앙대학교 공연예술원 스튜디오 시어터,민간,2012-08-06,2012-08-06,736,151.2,120,0
261,서울시,종로구,인사동 소극장 움터,민간,2013-02-27,2013-02-27,260,56.43,216,4
262,서울시,종로구,홍익대 대학로 아트센터 대극장,민간,2013-03-11,2013-03-11,"3,924",404,702,53
263,서울시,종로구,홍익대 대학로 아트센터 소극장,민간,2013-03-11,2013-03-11,931,50,140,1
264,서울시,종로구,SJA HALL,민간,2013-05-23,2013-05-23,298,44,120,0
265,서울시,종로구,대학로뮤지컬센터 대극장,민간,2013-07-22,2013-07-22,"2,088",281,993,49
266,서울시,종로구,대학로뮤지컬센터 중극장,민간,2013-07-22,2013-07-22,"1,163",174.2,528,5
267,서울시,종로구,유니플렉스 1관,민간,2013-08-12,2013-08-12,"1,205",134,599,49
268,서울시,종로구,유니플렉스 2관,민간,2013-08-12,2013-08-12,574,57,269,6
269,서울시,종로구,유니플렉스 3관,민간,2013-08-12,2013-08-12,282,45,181,10
270,서울시,종로구,예그린씨어터,민간,2013-12-16,2013-12-16,289.07,73.2,204,2
271,서울시,종로구,더페인터즈전용관,민간,,2014-02-14,0,120,488,5
272,서울시,종로구,수현재씨어터,민간,,2014-03-07,0,73.28,256,10
273,서울시,종로구,DCF 대명문화공장 비발디파크홀,민간,,2014-04-07,0,114,398,18
274,서울시,종로구,DCF 대명문화공장 라이프웨이홀,민간,,2014-04-07,0,68.1,295,15
275,서울시,종로구,대학로네오아트홀1관,민간,,2014-04-25,0,53.4,198,13
276,서울시,종로구,북촌창우극장,민간,,2014-04-30,0,60.8,100,10
277,서울시,종로구,해오름 예술극장,민간,,2014-06-02,0,59.3,170,26
278,서울시,종로구,극장 동국,공공,1973-10-17,2014-07-07,0,51,86,80
279,서울시,종로구,눈빛극장,공공,1973-10-17,2014-07-30,0,100.62,239,17
280,서울시,종로구,대학로 아름다운 극장,공공,2001-05-23,2014-07-31,0,60.75,80,10
281,서울시,종로구,진건아트홀,공공,2006-02-09,2014-08-18,0,22,60,20
282,서울시,종로구,마당세실극장,공공,2005-03-23,2014-09-05,0,59.65,100,17
283,서울시,종로구,드림시어터,공공,2005-03-23,2014-09-23,0,52,130,5
284,서울시,종로구,우리네극장,공공,2005-03-23,2014-09-23,0,37.17,100,9
285,서울시,종로구,아트씨어터 문,민간,1985-04-15,2014-09-23,0,43.37,80,21
286,서울시,종로구,환상극장,공공,2009-05-18,2014-09-23,0,22.05,198,27
287,서울시,종로구,삼형제극장,공공,2009-04-16,2014-09-23,0,20.29,145,17
288,서울시,종로구,가든씨어터,공공,1995-06-17,2014-09-25,0,61.84,210,17
289,서울시,종로구,스카이씨어터,민간,1995-01-01,2014-09-25,0,50.83,180,8
290,서울시,종로구,라이프시어터,공공,1962-04-12,2014-09-26,0,44.7,146,24
291,서울시,종로구,노을소극장,민간,2003-10-06,2014-09-26,0,43,100,1
292,서울시,종로구,동숭무대 소극장,민간,2000-08-11,2014-09-29,0,52.95,90,1
293,서울시,종로구,한얼소극장,민간,1997-03-01,2014-09-29,0,34.84,50,1
294,서울시,종로구,연진아트홀,공공,1986-09-01,2014-10-01,0,41.42,130,2
295,서울시,종로구,극장 가자,민간,1980-12-26,2014-10-01,0,39,140,3
296,서울시,종로구,다르게 놀자 소극장,공공,2007-11-20,2014-10-07,0,57.98,80,9
297,서울시,종로구,JEI ART CENTER 음악홀,민간,1975-05-01,2014-10-13,0,45.8,175,22
298,서울시,종로구,맛있는 극장,민간,2009-11-19,2014-10-20,0,22.01,70,2
299,서울시,종로구,공간 아울,민간,2009-11-19,2014-10-21,0,66,172,1
300,서울시,종로구,성균소극장,민간,2009-11-19,2014-10-23,0,59.81,80,18
301,서울시,종로구,소극장 천공의성,민간,2011-06-28,2014-10-23,0,22.22,80,2
302,서울시,종로구,예술공간 오르다,민간,2011-10-04,2014-10-28,0,70.63,102,10
303,서울시,종로구,예술공간 서울,민간,2012-04-02,2014-10-29,0,65.27,80,10
304,서울시,종로구,키작은소나무극장,민간,2012-10-22,2014-11-04,0,55,80,5
305,서울시,종로구,지즐 소극장,민간,2012-11-23,2014-11-07,0,38.99,84,4
306,서울시,종로구,낙산씨어터,민간,2013-02-28,2014-11-11,0,42.97,101,4
307,서울시,종로구,두레홀 3관,민간,2013-08-14,2014-11-14,0,50.44,180,4
308,서울시,종로구,두레홀 4관,민간,2014-01-10,2014-11-14,0,73.38,182,4
309,서울시,종로구,코메디컬센터,공공,1994-03-09,2014-11-14,0,42.88,90,8
310,서울시,종로구,극장 동국,민간,,2014-07-07,0,51,86,80
311,서울시,종로구,눈빛극장,민간,,2014-07-30,0,100.62,239,17
312,서울시,종로구,대학로 아름다운 극장,민간,,2014-07-31,0,60.75,80,10
313,서울시,종로구,진건아트홀,민간,,2014-08-18,0,22,60,20
314,서울시,종로구,마당세실극장,민간,,2014-09-05,0,59.65,100,17
315,서울시,종로구,드림시어터,민간,,2014-09-23,0,52,130,5
316,서울시,종로구,우리네극장,민간,,2014-09-23,0,37.17,100,9
317,서울시,종로구,아트씨어터 문,민간,,2014-09-23,0,43.37,80,21
318,서울시,종로구,환상극장,민간,,2014-09-23,0,22.05,198,27
319,서울시,종로구,삼형제극장,민간,,2014-09-23,0,20.29,145,17
320,서울시,종로구,가든씨어터,민간,,2014-09-25,0,61.84,210,17
321,서울시,종로구,스카이씨어터,민간,,2014-09-25,0,50.83,180,8
322,서울시,종로구,라이프시어터,민간,,2014-09-26,0,44.7,146,24
323,서울시,종로구,노을소극장,민간,,2014-09-26,0,43,100,1
324,서울시,종로구,동숭무대 소극장,민간,,2014-09-29,0,52.95,90,1
325,서울시,종로구,한얼소극장,민간,,2014-09-29,0,34.84,50,1
326,서울시,종로구,연진아트홀,민간,,2014-10-01,0,41.42,130,2
327,서울시,종로구,극장 가자,민간,,2014-10-01,0,39,140,3
328,서울시,종로구,다르게 놀자 소극장,민간,,2014-10-07,0,57.98,80,9
329,서울시,종로구,JEI ART CENTER 음악홀,민간,,2014-10-13,0,45.8,175,22
330,서울시,종로구,맛있는 극장,민간,,2014-10-20,0,22.01,70,2
331,서울시,종로구,공간 아울,민간,,2014-10-21,0,66,172,1
332,서울시,종로구,성균소극장,민간,,2014-10-23,0,59.81,80,18
333,서울시,종로구,소극장 천공의성,민간,,2014-10-23,0,22.22,80,2
334,서울시,종로구,예술공간 오르다,민간,,2014-10-28,0,70.63,102,10
335,서울시,종로구,예술공간 서울,민간,,2014-10-29,0,65.27,80,10
336,서울시,종로구,키작은소나무극장,민간,,2014-11-04,0,55,80,5
337,서울시,종로구,지즐 소극장,민간,,2014-11-07,0,38.99,84,4
338,서울시,종로구,낙산씨어터,민간,,2014-11-11,0,42.97,101,4
339,서울시,종로구,두레홀 3관,민간,,2014-11-14,0,50.44,180,4
340,서울시,종로구,두레홀 4관,민간,,2014-11-14,0,73.38,182,4
341,서울시,종로구,코메디컬센터,민간,,2014-11-14,0,42.88,90,8
342,서울시,종로구,전통문화공간 창선당,민간,,2014-11-14,0,45.6,116,6
343,서울시,종로구,스튜디오 성균,민간,,2014-12-17,0,52,70,8
344,서울시,종로구,이수스타홀,민간,,2015-01-05,0,40,142,4
345,서울시,종로구,서촌공간서로,민간,,2015-02-05,0,25.7,50,5
346,서울시,종로구,브로드웨이아트홀3관,민간,,2015-02-11,0,83.32,213,10
347,서울시,종로구,풀빛극장,민간,,2015-03-25,0,56,128,0
348,서울시,종로구,여우별씨어터,민간,,2015-03-27,0,71.82,170,1
349,서울시,종로구,JH아트홀,민간,,2015-03-31,0,40.2,135,33
350,서울시,종로구,Sh art hall,민간,,2015-04-06,0,91.62,260,15
351,서울시,종로구,창덕궁 소극장,민간,,2015-04-09,0,35.86,80,4
352,서울시,중구,국립중앙극장 해오름극장,공공,1973-10-17,1973-10-17,"6,409",1389,1563,89
353,서울시,중구,국립중앙극장 달오름극장,공공,1973-10-17,1973-10-17,"1,702",450,512,43
354,서울시,중구,국립중앙극장 별오름극장,공공,2001-05-23,2001-05-23,240,51,100,0
355,서울시,중구,국립중앙극장 하늘극장,공공,2006-02-09,2002-06-11,0,339.53,600,0
356,서울시,중구,충무아트홀 대극장,공공,2005-03-23,2005-03-25,"1,268",527.4,1231,74
357,서울시,중구,충무아트홀 중극장 블랙,공공,2005-03-23,2005-03-25,516,141,327,20
358,서울시,중구,충무아트홀 소극장 블루,공공,2005-03-23,2005-03-25,527,97.4,258,0
359,서울시,중구,해치홀,공공,2009-05-18,2009-03-16,450,50,190,0
360,서울시,중구,명동예술극장,공공,2009-04-16,2009-06-05,"1,286",325,558,45
361,서울시,중구,정동극장,공공,1995-06-17,1995-06-17,407,204,344,32
362,서울시,중구,문화일보홀,민간,1995-01-01,1994-12-06,"1,421",60,302,22
363,서울시,중구,남산예술센터(드라마센터),공공,1962-04-12,1962-04-12,"1,639",250,476,38
364,서울시,중구,명동난타극장,민간,2003-10-06,2003-10-06,"1,669",148,382,20
365,서울시,중구,메사고릴라 전용홀(메사 팝콘홀),민간,2000-08-11,휴관,"1,515",125.6,544,17
366,서울시,중구,여해문화공간,민간,1997-03-01,1997-03-01,279,66,250,3
367,서울시,중구,한국의집 민속극장,공공,1986-09-01,1980-04-01,"1,269",103,156,37
368,서울시,중구,세실극장,민간,1980-12-26,1980-12-26,315,60,190,9
369,서울시,중구,남산국악당,공공,2007-11-20,2007-11-01,380,343,330,29
370,서울시,중구,삼일로창고극장,민간,1975-05-01,1975-05-01,100,64.8,100,0
371,서울시,중구,명보아트홀 하람홀,민간,2009-11-19,자료없음,606,226,226,2
372,서울시,중구,명보아트홀 다온홀,민간,2009-11-19,자료없음,926,132.48,334,2
373,서울시,중구,명보아트홀 가온홀,민간,2009-11-19,자료없음,926,132.48,333,2
374,서울시,중구,NH아트홀,민간,2011-06-28,2011-09-23,"2,807",137.9,406,28
375,서울시,중구,동국대 이해랑예술극장,민간,2011-10-04,2008-11-29,"2,003",262,302,0
376,서울시,중구,경향 아트힐 4관,민간,2012-10-22,2011-04-22,572,294,347,1
377,서울시,중구,경향 아트힐 6관,민간,2012-11-23,2012-11-23,240,77,174,0
378,서울시,중구,경향 아트힐 5관,민간,2013-02-28,2014-02-01,240,82.6,213,0
379,서울시,중구,JUMP 전용극장,민간,2013-08-14,2013-09-01,"1,139",222,301,26
380,서울시,중구,Klive,민간,2014-01-10,2014-01-10,0,227.46,300,9
381,서울시,중랑구,중랑구민회관,공공,1994-03-09,2002-12-31,571,126,494,17
382,부산광역시,중구,부산카톨릭센타,민간,1982-04-08,2003-08-28,334,24,200,3
383,부산광역시,중구,민주공원 중극장,공공,1999-10-16,2004-06-25,"2,651",192,419,19
384,부산광역시,중구,민주공원 소극장,공공,1999-10-16,2004-06-25,"2,651",142,120,15
385,부산광역시,중구,BS부산은행 조은극장 제1관,민간,2009-03-25,2009-04-01,468,88,289,0
386,부산광역시,중구,BS부산은행 조은극장 제2관,민간,2009-04-01,2011-07-14,236,48,140,0
387,부산광역시,중구,BS부산은행 조은극장 스타홀,민간,2014-03-13,2014-03-13,446,64,172,0
388,부산광역시,중구,키다리소극장,민간,2015-06-17,2015-06-17,177,23,72,0
389,부산광역시,동구,부산시민회관 대극장,공공,1973-10-10,2013-01-20,"3,225",853,"1,606",38
390,부산광역시,동구,부산시민회관 소극장,공공,1973-10-10,2003-01-20,871,214,407,19
391,부산광역시,동구,가온아트홀 1관,민간,2012-07-03,2012-07-03,600,65,150,-
392,부산광역시,동구,가온아트홀 2관,민간,2012-07-03,2012-07-03,600,42,100,-
393,부산광역시,동구,KB아트홀,민간,2005-09-25,2005-09-25,"1,132",348,120,15
394,부산광역시,영도구,영도문화예술회관 대공연장,공공,2009-10-19,2009-10-14,447,363,428,32
395,부산광역시,영도구,영도문화예술회관 소공연장,공공,2009-10-19,2009-10-14,183,73,160,3
396,부산광역시,부산진구,국립부산국악원 연악당,공공,2009-03-10,2009-03-10,"5,435","1,258",698,96
397,부산광역시,부산진구,국립부산국악원 예지당,공공,2009-03-10,2009-03-10,"5,435",231,276,13
398,부산광역시,부산진구,롯데아트홀,민간,2003-01-04,2003-01-04,"7,175","1,247",704,102
399,부산광역시,부산진구,솜사탕아트홀 1관,민간,2009-12-18,2009-12-18,980,115,217,0
400,부산광역시,부산진구,솜사탕아트홀 2관,민간,2009-12-18,2009-12-18,980,55,140,0
401,부산광역시,부산진구,AN아트홀서면,민간,2008-11-13,2008-11-13,440,67,201,0
402,부산광역시,부산진구,레미어린이극장,민간,2011-04-22,2011-04-22,395,67,185,3
403,부산광역시,부산진구,라이브콘서트홀 오즈,민간,2012-12-18,2012-12-18,294,45,250,0
404,부산광역시,부산진구,부산 춤 공간 신(Shin),민간,2014-11-24,2014-11-24,112,51,81,0
405,부산광역시,동래구,동래문화회관 대극장,공공,1999-10-22,1999-12-18,874,330,524,31
406,부산광역시,동래구,열린아트홀,민간,2012-08-10,2013-07-02,143,54,80,
407,부산광역시,남구,부산문화회관 대극장,공공,1988-09-03,1988-08-04,"6,473","1,524","1,403",92
408,부산광역시,남구,부산문화회관 중극장,공공,1993-04-15,1993-05-11,"2,718",323,767,33
409,부산광역시,남구,부산문화회관 소극장,공공,1991-11-11,1992-04-16,"2,010",115,212,18
410,부산광역시,남구,경성대학교 콘서트홀,민간,1983-05-09,2003-01-07,"2,769",287,449,28
411,부산광역시,남구,가람아트홀,민간,2008-12-19,2008-12-19,242,68,143,4
412,부산광역시,남구,초콜릿 팩토리,민간,2008-11-13,2008-11-13,311,61,164,0
413,부산광역시,남구,예노소극장,민간,2008-12-27,2008-12-27,490,108,220,17
414,부산광역시,남구,부산예술회관 공연장,공공,2011-03-03,2011-03-18,598,153,240,14
415,부산광역시,남구,용천소극장,민간,2008-05-29,2011-10-18,90,45,80,0
416,부산광역시,남구,극장 해프닝,민간,2014-02-03,2014-02-03,172,65,149,0
417,부산광역시,남구,하늘바람 소극장,민간,2014-03-06,2014-03-06,197,46,83,0
418,부산광역시,남구,소극장 축제,민간,2014-05-30,2014-05-30,169,34,120,0
419,부산광역시,남구,윤형빈소극장,민간,2014-06-12,2014-06-12,217,40,140,0
420,부산광역시,남구,에저또 소극장,민간,2014-07-23,2014-07-23,97,42,72,0
421,부산광역시,남구,나다소극장,민간,2015-03-25,2015-02-09,138,56,70,0
422,부산광역시,남구,대동골문화센터,공공,2015-11-06,2015-12-15,209,62,140,8
423,부산광역시,북구,북구 문화빙상센터 문화예술회관,공공,2005-07-13,2005-07-28,482,151,324,12
424,부산광역시,북구,부산광역시학생예술문화회관 대극장,공공,2013-09-01,2013-11-08,"1,627",747,999,52
425,부산광역시,북구,부산광역시학생예술문화회관 소극장,공공,2013-09-01,2013-11-08,197,58,169,8
426,부산광역시,북구,꿈팡팡 624 소극장,공공,2013-11-22,2013-10-04,181,44,108,1
427,부산광역시,해운대구,국민생활관소극장,공공,1991-02-21,2003-01-07,161,72,200,14
428,부산광역시,해운대구,태종대,민간,2004-12-17,2004-12-17,530,40,300,7
429,부산광역시,해운대구,해운대문화회관(대극장)-해운홀,공공,2007-03-30,2007-02-20,"1,070",329,495,32
430,부산광역시,해운대구,해운대문화회관(소극장)-고운홀,공공,2007-03-30,2007-02-20,214,82,110,11
431,부산광역시,해운대구,롯데시네마 센텀시티(제4관),민간,2007-12-31,2007-12-31,"1,099",61,319,13
432,부산광역시,해운대구,신세계문화홀,민간,2009-02-24,2009-02-25,"1,097",97,408,21
433,부산광역시,해운대구,해운대연가,민간,2011-07-20,2011-07-20,254,45,80,1
434,부산광역시,해운대구,(재)영화의전당 하늘연극장,공공,2011-09-29-,2011-11-16-,"1,537",710,841,60
435,부산광역시,해운대구,수아트홀,민간,2013-02-01,2012-05-30,238,43,110,118
436,부산광역시,해운대구,KNN시어터,민간,2013-12-18,2013-12-18,"1,788",118,236,17
437,부산광역시,사하구,을숙도문화회관(대공연장),공공,2002-10-05,2002-12-30,"1,455","1,197",708,43
438,부산광역시,사하구,을숙도문화회관(소공연장),공공,2006-02-16,2006-02-09,429,147,242,8
439,부산광역시,금정구,금정문화회관,공공,2000-05-19,2000-03-31,"6,089",775,"1,498",75
440,부산광역시,금정구,꿈나래어린이극장,민간,2009-10-19,2009-10-19,717,147,197,6
441,부산광역시,금정구,엔씨소극장,민간,2012-03-19,2012-03-19,194,52,202,
442,부산광역시,금정구,금사락,민간,2014-05-08,2014-05-08,133,27,250,
443,부산광역시,연제구,한결아트홀,민간,2009-05-06,2009-03-23,529,111,137,0
444,부산광역시,연제구,아시아드,민간,2012-02-21,2011-09-27,430,28,228,0
445,부산광역시,수영구,AN아트홀 광안,민간,2009-02-11,2009-02-11,488,53,169,
446,부산광역시,수영구,MBC삼주아트홀,민간,2009-05-25,2009-05-25,825,453,905,64
447,부산광역시,수영구,청춘나비아트홀,민간,2011-08-01,2011-08-01,275,53,90,
448,부산광역시,수영구,레몬트리소극장,민간,2013-01-31,2013-01-31,172,86,100,
449,부산광역시,수영구,디코소극장,민간,2014-02-11,2014-02-11,241,56,72,
450,부산광역시,사상구,신라대학교 예음관 소극장,민간,2013-07-08,2013-07-08,315.1,90,273,0
451,부산광역시,사상구,다누림홀,공공,2012-04-23,2014-06-27,708.56,110.65,210,7
452,대구광역시,중구,봉산문화회관,공공,2004-10-05,2004-09-30,836,379,442,42
453,대구광역시,중구,프라임홀,민간,1993-09-10,1993-09-10,536,48,300,1
454,대구광역시,중구,동아아트홀,민간,1988-07-02,2002-12-31,246,69,124,9
455,대구광역시,중구,아회아트홀,민간,2005-04-25,2005-04-25,294,41,144,
456,대구광역시,중구,문화예술전용극장 THE CITY,민간,2007-01-09,2007-01-09,869,136,295,
457,대구광역시,중구,하모니아아트홀,민간,2007-08-03,2007-08-03,264,66,270,
458,대구광역시,중구,송죽씨어터,민간,2009-12-02,2009-12-02,698,57,260,2
459,대구광역시,중구,오월의정원 아트홀,민간,2010-04-06,2010-04-06,425,92,351,
460,대구광역시,중구,아트플러스씨어터,민간,2011-12-07,2011-12-07,230,63,104,
461,대구광역시,중구,아트팩토리 청춘,민간,2012-07-19,2012-07-19,247,45,80,
462,대구광역시,중구,뉴컴퍼니 소극장,민간,2012-08-16,2012-08-16,120,42,80,
463,대구광역시,중구,떼아뜨르 중구,민간,2012-10-23,2012-10-23,152,50,70,
464,대구광역시,중구,수창홀,공공,2013-04-16,2013-04-19,205,205,120,
465,대구광역시,중구,예술극장 온,민간,2013-04-18,2013-04-18,166,98,70,
466,대구광역시,중구,라이브소극장 락왕,민간,2014-04-08,2014-04-08,347,33,70,
467,대구광역시,중구,근대로아리 소극장,민간,2014-09-19,2014-09-19,198,50,150,1
468,대구광역시,중구,대구콘서트하우스 그랜드홀,공공,2013-11-29,2013-11-27,"1,339",240,"1,284",11
469,대구광역시,중구,대구콘서트하우스 챔버홀,공공,2013-11-29,2013-11-27,283,105,248,10
470,대구광역시,중구,대안문화공간아트센터,민간,2015-07-21,2015-07-21,205,32,100,
471,대구광역시,중구,여우별아트홀,민간,2015-10-28,2015-10-28,"1,346",31,156,1
472,대구광역시,중구,엔.에스.엘.문화예술원,민간,2002-12-31,2002-12-31,660,330,160,14
473,대구광역시,동구,아양아트센터,공공,2004-05-04,2004-05-03,"4,519",831,"1,112",85
474,대구광역시,동구,동부여성회관,공공,1995-05-08,2012-05-03,307,14,166,2
475,대구광역시,동구,아트홀,민간,2009-02-02,2009-02-02,210,54,134,11
476,대구광역시,서구,서구문화회관,공공,1998-03-05,1998-03-05,733,233,452,29
477,대구광역시,남구,대덕문화전당,공공,1998-03-07,2002-12-06,"1,804",283,556,26
478,대구광역시,남구,우봉아트홀,민간,2005-12-09,2005-12-09,"1,333",109,312,3
479,대구광역시,남구,한울림소극장,민간,,2011-12-28,114,53,90,
480,대구광역시,남구,우전소극장,민간,2005-03-28,2011-12-30,211,58,84,
481,대구광역시,남구,예술극장 엑터스토리,민간,,2011-12-30,217,51,70,
482,대구광역시,남구,예전아트홀,민간,2009-09-03,2011-12-30,220,80,60,
483,대구광역시,남구,꿈꾸는 씨어터,민간,2013-03-08,2013-03-08,833,160,123,10
484,대구광역시,남구,고도5층극장,민간,2013-06-04,2013-06-04,263,56,80,
485,대구광역시,남구,Get Space,민간,2014-05-29,2014-05-29,158,26,60,
486,대구광역시,남구,빈티지소극장,민간,2015-03-16,2015-03-16,88,33,55,5
487,대구광역시,남구,소극장 함세상,민간,2015-04-22,2015-04-22,242,102,70,28
488,대구광역시,북구,대구오페라하우스,민간,2013-11-11,2003-08-07,"2,131","1,387","1,490",94
489,대구광역시,북구,북구어울아트센터,공공,1999-10-09,2003-03-05,"2,108",336,434,36
490,대구광역시,북구,북구청소년회관,공공,2000-12-22,2003-02-21,435,140,183,9
491,대구광역시,북구,동아아트홀,민간,2003-03-05,2003-03-05,264,57,152,
492,대구광역시,수성구,수성아트피아 용지홀,공공,2007-05-01,2007-04-25,"2,688","1,099","1,159",80
493,대구광역시,수성구,수성아트피아 무학홀,공공,2007-05-01,2007-04-25,438,104,301,1
494,대구광역시,수성구,어린이회관 꾀꼬리극장,공공,1983-12-15,2003-01-23,"2,592",311,661,21
495,대구광역시,수성구,대구메트로아트센터,민간,2009-09-11,2009-09-11,998,80,202,
496,대구광역시,수성구,가락아트홀,민간,2010-03-08,2010-03-08,176,20,120,
497,대구광역시,달서구,대구문화예술회관 팔공홀,공공,1990-05-21,2002-11-22,3038,617,1008,50
498,대구광역시,달서구,대구문화예술회관 비슬홀,공공,1990-05-21,2002-11-22,793,138,241,12
499,대구광역시,달서구,코오롱야외음악당,공공,2000-09-29,2002-11-22,1897,562,1080,21
500,대구광역시,달서구,웃는얼굴아트센터 청룡홀,공공,2004-09-10,2004-12-21,"1,430",493,455,40
501,대구광역시,달서구,웃는얼굴아트센터 와룡홀,공공,2013-07-10,2013-09-27,582,145,212,20
502,대구광역시,달서구,청소년수련원아트홀,공공,2003-02-25-,2003-02-25,894,189,453,27
503,대구광역시,달서구,대구학생문화센터대공연장,공공,2003-05-07-,2003-05-07,"2,361",774,"1,441",49
504,대구광역시,달서구,푸른방송 아트홀,민간,2003-01-06-,2003-01-06,728,62.3,176,
505,대구광역시,달서구,이월드 대공연장,민간,2003-01-07-,2003-01-07,396,127,700,9
506,대구광역시,달성군,달성문화원공연장,공공,2004-03-04,2004-09-10,357,142,236,8
507,대구광역시,달성군,달성문화센터공연장백년홀,공공,2011-07-15,2012-01-20,528,88,302,11
508,인천광역시,중구,인천학생교육문화회관(대공연장),공공,2004-12-01,2004-12-01,990,878,600,36
509,인천광역시,중구,인천학생교육문화회관(소공연장),공공,2004-10-07,2004-12-01,313,51,220,12
510,인천광역시,중구,하모니호,민간,2005-05-04,2005-05-04,300,80,276,
511,인천광역시,중구,한중문화관 공연장,공공,2005-04-16,2005-06-07,640,84,200,17
512,인천광역시,중구,비너스쿠르즈호,민간,2009-08-29,2009-08-29,323,87,120,
513,인천광역시,중구,오하마나 선상공연장,민간,2010-04-06,2010-04-06,217,10,160,
514,인천광역시,중구,다락 소극장,민간,2012-03-29,2012-03-29,279,41,80,
515,인천광역시,중구,중구문화회관,공공,2012-09-18,2012-09-18,"1,440",642,638,57
516,인천광역시,동구,동구청소년수련관,공공,2000-03-18,2000-03-18,"5,195",84,345,3
517,인천광역시,남구,작은극장돌체,공공,2007-04-16,2012-07-23,211,58,96,12
518,인천광역시,남구,인천문화회관 소극장,공공,1991-09-01,2003-01-10,658,60,160,4
519,인천광역시,남구,국악회관 공연장,공공,2002-08-30,2003-01-10,373,63,118,1
520,인천광역시,남구,미추홀종합사회복지관 대강당,공공,2001-05-14,2003-01-10,276,19,200,4
521,인천광역시,남구,학산소극장,공공,2004-11-18,2004-11-18,445,83,114,2
522,인천광역시,남구,문학시어터,공공,2010-08-16,2011-05-02,900,96,120,10
523,인천광역시,남구,㈜신세계문화홀,민간,2011-03-11,2011-05-25,850,118,372,13
524,인천광역시,연수구,롯데시네마 콘서트홀,민간,2010-04-30,2010-04-30,238,57,251,3
525,인천광역시,연수구,스퀘어원,민간,2014-03-31,2014-03-31,756,57,189,23
526,인천광역시,남동구,종합문화예술회관 대공연장,공공,1994-04-08,2002-12-31,"11,751","1,168","1,332",121
527,인천광역시,남동구,종합문화예술회관 소공연장,공공,1994-04-08,2002-12-31,"2,033",370,511,45
528,인천광역시,남동구,종합문화예술회관 야외공연장,공공,1994-04-08,2007-02-27,723,182,440,3
529,인천광역시,남동구,청소년수련관 공연장,공공,2002-07-25,2002-12-30,404,234,430,30
530,인천광역시,남동구,인천대공원 야외음악당,공공,1999-08-30,2002-12-27,563,135,563,0
531,인천광역시,남동구,남동문화예술회관 소래극장,공공,2011-11-17,2011-11-07,627,398,703,32
532,인천광역시,남동구,남동문화예술회관 스튜디오제비,공공,2011-11-17,2011-11-07,277,40,193,4
533,인천광역시,부평구,부평아트센터 해누리극장,공공,2010-04-02,2010-04-19,"2,190",866,885,67
534,인천광역시,부평구,부평아트센터 달누리극장,공공,2010-04-02,2010-04-19,573,122,323,17
535,인천광역시,부평구,레미어린이극장,민간,2006-12-22,2006-12-28,128,60,185,25
536,인천광역시,계양구,계양구문화회관,공공,1997-11-27,1997-11-27,"9,630","2,129",795,43
537,인천광역시,계양구,계양구청소년수련관,공공,2002-12-04,2002-12-04,804,96,246,16
538,인천광역시,계양구,인천어린이과학관,공공,2012-05-16,2012-05-16,514,85,178,12
539,인천광역시,서구,서구문화회관 대공연장,공공,1995-03-18,2001-07-27,"1,485",189,951,38
540,인천광역시,서구,서구문화회관 소공연장,공공,1995-03-18,2001-07-27,457,70,200,14
541,인천광역시,서구,검단복지회관,공공,2003-03-08,2002-12-31,360,90,250,5
542,인천광역시,서구,서구문화회관 청소년문화의집,공공,2001-04-06,2001-04-06,468,66,191,8
543,인천광역시,서구,서구청소년수련관,공공,2006-03-10,2006-02-17,243,147,216,12
544,광주광역시,직영,광주문화예술회관(대극장),공공,1991-10-21,2002-11-29,"13,704","1,848","1,722",80
545,광주광역시,광산구,광산문화예술회관,공공,2002-10-08,2002-10-04,625,270,548,31
546,광주광역시,남구,남구종합문화예술회관,공공,2003-11-21,2003-10-06,533,159,402,16
547,광주광역시,서구,광주광역시 서구문화센터,공공,2000-04-15,2002-12-30,486.7,92.9,326,11
548,광주광역시,직영,5.18기념문화관(민주홀),공공,2001-04-16,2001-04-16,"2,238.10",4721.5,802,41
549,광주광역시,직영,5.19기념문화관(대동홀),공공,2001-04-16,2001-04-16,467.8,72,285,18
550,광주광역시,동구,동구문화센터,공공,2009-07-02,2009-07-02,226,48,108,1식
551,광주광역시,남구,빛고을시민문화관,공공,2010-02-18,2010-02-22,"1,532.90",614,715,50
552,광주광역시,남구,빛고을아트스페이스,공공,2011-04-01,2014-09-15,295.7,51,100,4
553,광주광역시,동구,궁동예술극장,공공,2002-03-08,2002-03-08,"1,098",464,75,1
554,광주광역시,북구,평생학습문화센터공연장,공공,2008-09-09,2002-11-27,178,21,120,1
555,광주광역시,광산구,래미어린이극장,민간,2009-09-18,2009-09-18,279,187,304,
556,세종특별자치시,세종시,세종문화예술회관,공공,2000-10-04,2003-03-24,"3,010",783,870,45
557,대전광역시,동구,우송예술회관,민간,1992-12-15,2002-12-09,"1,069",507,"1,214",29
558,대전광역시,동구,꽃님이 공연장,민간,2005-07-25,2005-07-25,100,11,100,0
559,대전광역시,동구,대전 동구청 공연장,공공,2012-09-03,2012-09-03,450,118,466,7
560,대전광역시,중구,대전평생학습관강당,공공,1999-10-25,2002-12-30,"4,063",422,600,34
561,대전광역시,중구,가톨릭문화회관,민간,1971-12-31,2002-12-30,"3,171",49,252,6
562,대전광역시,중구,드림아트홀,민간,2007-04-01,2011-07-05,178,77,54,2
563,대전광역시,중구,소극장 핫도그,민간,2009-06-01,2011-08-05,231,100,100,2
564,대전광역시,중구,소극장 금강,민간,2008-06-27,2011-08-16,369,63,60,2
565,대전광역시,중구,상상아트홀,민간,2005-12-02,2011-08-24,287,82,95,2
566,대전광역시,중구,대전중구문화원 뿌리홀,공공,2009-02-27,2012-01-02,283,59,181,2
567,대전광역시,중구,소극장 마당,민간,2010-07-15,2012-01-03,228,55,55,2
568,대전광역시,중구,소극장 고도,민간,2008-01-28,2012-01-04,192,72,59,2
569,대전광역시,중구,아신극장1관,민간,2013-08-20,2013-08-28,244,55,152,0
570,대전광역시,중구,믹스페이스,민간,2014-10-16,2014-07-04,"2,322",127,419,8
571,대전광역시,중구,대전예술가의집 누리홀,공공,2015-01-27,2015-02-04,"3,140",80,340,29
572,대전광역시,중구,그린빈 버찌라이브하우스,민간,2015-11-19,2015-11-19,122,24,50,6
573,대전광역시,서구,대전예술의전당(아트홀),공공,2003-10-01,2003-11-18,"3,291","2,515","1,546",154
574,대전광역시,서구,대전예술의전당(앙상블홀),공공,2003-10-01,2003-11-18,"1,485","1,228",643,97
575,대전광역시,서구,대전광역시평송청소년문화센터(소극장),공공,1997-06-21,2004-05-08,778,123,382,14
576,대전광역시,서구,대전광역시평송청소년문화센터(소극장),공공,1997-06-21,2004-10-13,"3,581",495,980,46
577,대전광역시,서구,타임월드 공연장,민간,1997-09-04,1997-09-04,301,33,177,0
578,대전광역시,서구,대전서구문화원(아트홀),공공,2010-06-11,2010-07-13,1453,196,265,18
579,대전광역시,서구,이수아트홀,민간,2011-11-25,2011-11-25,289,64,141,0
580,대전광역시,서구,대전서구 관저문예회관,공공,2012-09-01,2012-09-17,362,127,254,16
581,대전광역시,서구,둔산아트홀,민간,2014-03-13,2014-03-13,185,72,199,0
582,대전광역시,서구,소극장 봄(큐램),민간,2014-03-26,2014-03-26,169,59,97,0
583,대전광역시,서구,공연문화놀이터 휴지,민간,2014-09-26,2014-09-26,287,36,232,0
584,대전광역시,서구,대전시립연정국악원 큰마당,공공,2015-06-12,2015-06-12,5131,217,750,89
585,대전광역시,서구,대전시립연정국악원 작은마당,공공,2015-06-12,2015-06-12,5131,130,338,8
586,대전광역시,유성구,컨퍼런스홀,민간,2008-12-31,2010-03-10,304,35,237,9
587,대전광역시,유성구,공간Art홀,민간,2014-06-16,2014-06-16,232,102,204,
588,대전광역시,유성구,이음아트홀,민간,2014-07-18,2014-07-18,180,60,180,
589,대전광역시,유성구,조이마루 아트홀,민간,2014-12-08,2014-12-08,120,68,196,2
590,대전광역시,유성구,대전광역시 어린이회관 그린나래홀,공공,2009-12-04,2015-11-04,250,100,74,7
591,대전광역시,대덕구,송상헌의 난타 소극장,민간,2015-05-04,2015-05-04,163,57,86,0
592,울산광역시,중구,중구문화의전당,공공,2014-11-07,2014-10-23,"2,682",228,499,53
593,울산광역시,남구,울산문화예술회관 대공연장,공공,1995-10-05,2003-01-07,"14,567","1,570","1,484",96
594,울산광역시,남구,울산문화예술회관 소공연장,공공,1995-10-05,2003-01-07,"4,874",380,472,39
595,울산광역시,동구,꽃바위문화관 다목적공연장,공공,2011-06-28,2011-11-30,265,40,157,8
596,울산광역시,북구,북구문화예술회관,공공,2003-09-25,2003-11-13,429,326,482,27
597,울산광역시,울주군,울주문화예술회관,공공,2009-11-20,2009-11-17,"2,854",66,387,31
598,경기도,수원시,수원제1야외음악당,공공,1995-11-16,2002-12-30,3228,348,796,14
599,경기도,수원시,수원제2야외음악당,공공,2004-10-22,2006-01-09,550,264,-,10
600,경기도,수원시,수원sk아트리움대공연장,공공,2014-03-07,2014-01-29,5024,864,950,44
601,경기도,수원시,수원sk아트리움소공연장,공공,2014-03-07,2014-01-29,1234,170,300,19
602,경기도,수원시,수원시민회관,공공,1970-12-01,2002-12-30,3207,144,458,16
603,경기도,수원시,경기도문화의전당 행복한대극장,공공,1991-06-02,2002-12-30,13295,1199,1542,72
604,경기도,수원시,경기도문화의전당 아늑한 소극장,공공,1991-06-02,2002-12-30,3157,340,502,36
605,경기도,수원시,경기도문화의전당 신나는 야외극장,공공,1991-06-02,2002-12-30,2140,140,400,0
606,경기도,수원시,청소년문화센터 온누리아트홀,공공,1992-12-06,2002-12-30,4501,452,525,57
607,경기도,수원시,청소년문화센터 은하수홀,공공,1992-12-06,2002-12-30,259,37,193,12
608,경기도,수원시,한누리아트홀,공공,2006-06-30,2006-06-22,1789,129,499,19
609,경기도,수원시,수원월드컵광장 상설무대,공공,2006-04-27,2006-04-27,300,138,300,0
610,경기도,수원시,KBS 수원아트홀,공공,2008-07-04,2008-07-04,439,182,190,6
611,경기도,성남시,성남시야외공연장,공공,1997-11-28,2003-03-05,609,340,480,13
612,경기도,성남시,성남아트센터오페라하우스,공공,2005-10-14,2005-10-13,5295,1600,1854,155
613,경기도,성남시,성남아트센터콘서트홀,공공,2005-10-14,2005-10-13,3076.8,294,994,36
614,경기도,성남시,성남아트센터앙상블씨어터,공공,2005-10-14,2005-10-13,1791.2,380,378,45
615,경기도,성남시,성남시분당서현청소년수련관(내 공연장),공공,2004-09-25,2004-11-12,186,61,122,17
616,경기도,성남시,성남시분당정자청소년수련관(내 공연장),공공,2005-04-01,2005-05-09,332,35,290,14
617,경기도,성남시,성남시수정청소년수련관(내 공연장),공공,1994-12-07,2005-04-30,1023,178,412,23
618,경기도,성남시,성남시중원청소년수련관(내 공연장),공공,2007-12-06,2008-03-16,155,102,200,10
619,경기도,성남시,성남시분당판교청소년수련관(내 공연장),공공,2010-03-25,2010-08-12,264,94,177,13
620,경기도,성남시,잡월드 나래울극장,공공,2012-05-14,2012-05-14,690,285,354,21
621,경기도,성남시,티엘아이아트센터,민간,2012-12-06,2013-06-26,724,86,224,0
622,경기도,성남시,분당소극장,민간,2015-06-02,2015-06-02,285,53,153,0
623,경기도,고양시,고양시문예회관,공공,1989-09-01,2004-02-07,2213,111,468,16
624,경기도,고양시,고양시청소년수련관,민간,2003-10-06,2003-10-10,1878,96,336,22
625,경기도,고양시,고양어울림극장,공공,2004-07-31,2004-08-26,5819,1718,1218,128
626,경기도,고양시,별모래 극장,공공,2004-07-31,2004-08-26,1773,443,366,54
627,경기도,고양시,꽃메야외극장,공공,2004-07-31,2007-04-24,454,92,454,0
628,경기도,고양시,아람극장,공공,2006-12-28,2007-04-24,5133,1690,1887,70
629,경기도,고양시,아람음악당,공공,2006-12-28,2007-04-24,2499,307,1449,8
630,경기도,고양시,새라새극장,공공,2006-12-28,2007-04-24,674,249,300,36
631,경기도,고양시,노루목야외극장,공공,2006-12-28,2007-04-24,1300,300,980,7
632,경기도,고양시,나가수공연장,민간,2012-02-22,2012-02-22,228.8,19.8,60,15
633,경기도,고양시,레미어린이극장,민간,2014-11-01,2014-11-18,324.64,70.41,209,14
634,경기도,고양시,우경아트홀,민간,2015-01-28,2015-01-28,222.73,31.5,153,0
635,경기도,용인시,포은아트홀,공공,2012-10-04,2012-09-05,13826,1109,1258,162
636,경기도,용인시,여성회관큰어울마당,공공,2004-09-07,2004-08-21,4476.27,328.47,607,50
637,경기도,용인시,여성회관작은어울마당,공공,2004-09-07,2001-08-17,196,27,180,7
638,경기도,용인시,처인홀(문예회관 내),공공,1989-05-25,2002-11-21,4882,371.04,782,28
639,경기도,용인시,마루홀(문화예술원 내),공공,2005-12-17,2005-12-16,1978,129.22,301,16
640,경기도,용인시,죽전야외음악당,공공,2006-03-23,2008-12-22,1343,299.97,680,12
641,경기도,용인시,에버랜드 그랜드스테이지,민간,1993-04-23,2003-01-18,1724,493,1300,19
642,경기도,용인시,흥겨운극장,공공,2004-07-14,2004-07-14,5161,405,420,12
643,경기도,부천시,부천시민회관대공연장,공공,1988-02-20,2002-12-30,2196,1116,1152,35
644,경기도,부천시,부천시민회관소공연장,공공,1988-02-21,2002-12-30,405,90,348,4
645,경기도,부천시,복사골문화센터 아트홀,공공,1998-12-28,2002-12-30,885,263,626,28
646,경기도,부천시,복사골문화센터판타지아공연장,공공,1998-12-28,2002-12-30,263,98,150,2
647,경기도,부천시,오정아트홀,공공,2003-01-08,2005-04-22,802,180,404,12
648,경기도,안산시,안산문화예술의전당 해돋이극장,공공,2004-10-02,2004-09-23,2167,1327,1592,127
649,경기도,안산시,안산문화예술의전당 달맞이극장,공공,2004-10-02,2004-09-23,1273,767,714,87
650,경기도,안산시,안산문화예술의전당 별무리극장,공공,2004-10-02,2004-09-23,567,192,200,45
651,경기도,안산시,올림픽기념 국민생활관,공공,2002-12-27,2002-12-27,586,198,420,23
652,경기도,안산시,NC소극장,민간,2014-03-12-,2014-03-12-,212.76,50.45,74,1
653,경기도,안양시,안양아트센터 관악홀,공공,1989-12-05,2002-12-30,2394,898,1127,52
654,경기도,안양시,안양아트센터 수리홀,공공,1989-12-05,2002-12-30,648,240,382,22
655,경기도,안양시,평촌아트홀,공공,2004-09-22,2004-11-19,893,190,638,32
656,경기도,안양시,뉴코아소극장,민간,2011-12-01,2011-12-01,224.06,49.4,176,1
657,경기도,남양주시,경복대학교 우당아트홀,민간,2013-11-19,2013-11-19,989.8,40,490,14
658,경기도,남양주시,북한강야외공연장,공공,2008-05-30,2008-05-30,355.6,195.67,1200,10
659,경기도,남양주시,몽골문화촌 몽골민속예술공연장,공공,2008-03-17,2008-03-17,954.86,127,327,4
660,경기도,남양주시,몽골문화촌 마상공연장,공공,2011-02-09,2011-02-09,816.26,200.96,245,1
661,경기도,화성시,화성아트홀,공공,2008-12-23,2009-03-06,2203,714,714,58
662,경기도,화성시,반석아트홀,공공,2011-04-30,2011-05-06,10853,510,548,33
663,경기도,평택시,남부문예회관중공연장,공공, 1993-11-02 ,2003-01-14,1062,492.43,606,44
664,경기도,평택시,남부문예회관소공연장,공공, 1993-11-02 ,2003-01-14,246,67.62,256,9
665,경기도,평택시,북부문예회관대공연장,공공, 1990-12-07 ,2003-01-14,1696,204.29,631,18
666,경기도,평택시,북부문예회관소공연장,공공, 1990-12-07 ,2003-01-14,486,82.5,300,13
667,경기도,평택시,서부문예회관중공연장,공공, 1991-10-29 ,2003-01-14,1025,299.07,786,22
668,경기도,평택시,서부문예회관소공연장,공공, 1991-10-29 ,2003-01-14,195,33,168,3
669,경기도,평택시,지영희홀,공공,2011-09-25,2015-04-01,2215.5,402,569,31
670,경기도,의정부시,의정부 예술의전당 대극장,공공,2001-04-06,2002-12-17,12724,1147.92,1025,90
671,경기도,의정부시,의정부 예술의전당 소극장,공공,2001-04-06,2002-12-17,6614.84,266.84,237,29
672,경기도,의정부시,sky공연홀,민간,2014-03-19,2014-03-19,145.39,33,90,1
673,경기도,시흥시,평생학습센터대공연장,공공,1995-10-24,2004-04-27,788,111,450,3
674,경기도,시흥시,여성비전센터,공공,2003-01-17,2004-06-07,554,79,295,12
675,경기도,시흥시,청소년수련관 공연장,공공,2007-05-07,2007-07-31,440,94,300,9
676,경기도,시흥시,KPU 아트센터(한국산업기술대),민간,2007-02-27,2007-06-05,1079,225,305,15
677,경기도,파주시,예맥아트홀,민간,2010-01-24,2010-01-24,267.33,220,230,1
678,경기도,파주시,파주시민회관 대공연장,공공,1994-07-04,2003-04-29,2016,262.7,497,11
679,경기도,파주시,파주시민회관 소공연장,공공,1994-07-04,2003-03-03,972,88.91,349,10
680,경기도,파주시,문산행복센터 대공연장,공공,2011-06-27,2011-11-01,489.3,230.1,463,28
681,경기도,파주시,문산행복센터 소공연장,공공,2011-06-27,2011-11-01,133.9,30.69,100,0
682,경기도,파주시,운정행복센터 공연장,공공,2013-03-28,2013-04-10,743,371.9,542,33
683,경기도,파주시,운정행복센터 다목적홀,공공,2013-03-28,2013-04-10,468.47,35.03,200,0
684,경기도,파주시,솔가람아트홀,공공,2014-03-12,2014-08-22,428.22,85.67,300,4
685,경기도,광명시,광명시민회관 대공연장,공공,1990-01-17,2003-06-16,1042.3,342.2,550,35
686,경기도,광명시,광명시민회관 소공연장,공공,1990-01-17,2003-05-15,236.6,31.8,142,11
687,경기도,광명시,광명문화원 공연장,공공,2005-06-24,2005-09-06,246.73,85.68,178,19
688,경기도,광명시,광명시 평생학습원,공공,2001-10-30,2008-02-14,275.74,61.9,224,6
689,경기도,광명시,광명종합사회복지관,공공,2004-04-11,2008-02-15,319.78,87.23,160,16
690,경기도,광명시,광명오픈아트홀,공공,2009-11-20,2010-10-28,727,118,612,12
691,경기도,광명시,소나무 예술극장,민간,1997-12-05,2003-06-16,230.49,56.4,220,1
692,경기도,김포시,통진두레문화센터,공공,2008-04-30,2013-03-15,455,178.76,226,28
693,경기도,김포시,김포아트홀,공공,2014-04-01,2013-12-16,2167,445,503,26
694,경기도,군포시,문화예술회관 대공연장,공공,1998-05-07,2003-01-21,24870,1221,1134,89
695,경기도,군포시,문화예술회관 소공연장,공공,1998-05-07,2003-01-21,16975,324,428,39
696,경기도,광주시,광주시문예회관,공공,1991-08-30,2004-01-07,201,75,300,6
697,경기도,광주시,광주시문화스포츠센타 대공연장,공공,2011-09-28,2011-09-28,1412.12,842.4,1038,71
698,경기도,광주시,광주시문화스포츠센타 소공연장,공공,2011-09-28,2011-09-28,272.62,149.76,270,13
699,경기도,광주시,청석에듀시어터,민간,2014-04-25,2014-04-25,262.8,129.6,170,11
700,경기도,이천시,이천아트홀 대공연장,공공,2009-06-08,2009-06-13,2040,1122.8,1200,79
701,경기도,이천시,이천아트홀 소공연장,공공,2009-06-08,2009-06-13,665,292,451,24
702,경기도,양주시,양주문화예술회관,공공,1997-10-01,2004-07-27,585,416,355,23
703,경기도,오산시,오산문화예술회관 대공연장,공공,2004-04-23,2004-07-29,2899,756,855,51
704,경기도,오산시,오산문화예술회관 소공연장,공공,2004-04-23,2004-07-29,901,283,207,24
705,경기도,구리시,구리아트홀(코스모스대극장),공공,2013-05-24,2012-11-01,1325.41,792.01,600,53
706,경기도,구리시,구리아트홀(유채꽃소극장),공공,2013-05-24,2012-11-01,306.84,115.83,280,20
707,경기도,구리시,구리시청소년수련관 공연장,공공,2003-08-07,2003-08-07,424,113,286,13
708,경기도,구리시,롯데백화점 구리점 아동극장,민간,2011-11-29,2011-11-29,803,18.4,96,0
709,경기도,구리시,구리시행정복지센터공연장,공공,2011-12-27,2011-12-27,861.65,96,265,14
710,경기도,안성시,안성 남사당 공연장,공공,2011-03-30,2011-08-30,3431.61,311,727,10
711,경기도,안성시,죽산공연장,공공,2001-11-30,2009-01-06,516,82.6,102,2
712,경기도,안성시,문예회관,공공,1992-12-29,2003-01-22,202,32,120,1
713,경기도,안성시,시민회관,공공,1986-12-30,2003-01-22,1962.66,153,544,12
714,경기도,포천시,포천반월아트홀,공공,2003-10-18,2004-05-03,2034.1,944.8,900,56
715,경기도,포천시,한화호텔앤드리조트㈜,민간,2004-11-08,2004-11-08,240,5.2,130,27
716,경기도,포천시,오랜시간,민간,2005-02-03,2005-02-03,240,14,120,36
717,경기도,의왕시,여성회관공연장,공공,2004-06-21,2006-04-04,200.14,57,287,9
718,경기도,하남시,하남문화예술회관 대극장,공공,2007-05-11,2006-12-15,8707.91,785.4,911,40
719,경기도,하남시,하남문화예술회관 소극장,공공,2007-05-11,2006-12-15,0,252,367,27
720,경기도,여주시,명성황후생가문예관,공공,2002-07-04,2002-12-17,773,151.49,161,0
721,경기도,여주시,세종국악당,공공,1991-07-15,2002-12-27,1901.6,540.8,400,0
722,경기도,양평군,양평군민회관,공공,1989-04-30,1989-04-30,645,110,379,0
723,경기도,양평군,바탕골예술관,민간,1999-07-01,2003-02-07,768,72,280,0
724,경기도,양평군,썰매장의 야외공연장,민간,2006-07-14,2006-07-14,290,240,2000,0
725,경기도,양평군,노르웨이숲의 공연장,민간,2006-07-14,2006-07-14,105,77,300,0
726,경기도,동두천시,동두천시민회관,공공,1992-05-14,2002-12-21,680,281,480,27
727,경기도,과천시,과천시민회관 대극장,공공,1995-10-07,2010-10-20,41056,2046.2,929,66
728,경기도,과천시,과천시민회관 소극장,공공,1995-10-07,2010-10-20,0,987.8,380,23
729,경기도,과천시,국립과천과학관 어울림홀,공공,2008-11-14,2009-06-25,1445,357,649,35
730,경기도,과천시,삼천리대극장(야외),민간,1988-02-13,2002-12-27,1787,313,2858,0
731,경기도,과천시,서울랜드 이벤트홀,민간,2005-03-23-,2005-03-24,1134,91,940,0
732,경기도,가평군,가평문화예술회관,공공,1998-07-11,2003-02-07,612,260,641,31
733,경기도,연천군,연천수레울아트홀 대공연장,공공,2011-04-20,2011-04-29,5225.47,435.04,580,59
734,경기도,연천군,연천수레울아트홀 소공연장,공공,2011-04-20,2011-06-13,5225.47,130.98,195,18
735,경기도,연천군,연천군민회관,공공,1986-10-28,2003-07-04,923,131,450,23
736,경기도,연천군,청소년수련관,공공,1998-08-13,2003-07-04,252,160,160,6
737,강원도,춘천시,춘천문화예술회관,공공,1992-04-10,2002-12-12,"9,782",793,998,62
738,강원도,춘천시,물의나라꿈의나라,공공,2000-12-27,2002-12-23,"3,541",194,497,32
739,강원도,춘천시,백령아트센터,공공,1995-03-06,2003-02-12,"5,597",618,"1,600",37
740,강원도,춘천시,봄내극장,공공,2000-09-06,2003-08-23,429,53,137,1
741,강원도,춘천시,축제극장 몸짓,공공,2010-08-23,2010-12-23,"1,522",211,124,1
742,강원도,춘천시,소극장 여우,민간,2009-10-08,2011-12-20,332,43,100,4
743,강원도,춘천시,소극장 존,민간,2006-12-27,2012-01-27,149,67,90,0
744,강원도,원주시,원주백운아트홀,공공,2007-11-21,2007-12-20,"6,413",528,972,46
745,강원도,원주시,치악예술관,공공,1994-05-04,2002-12-31,"1,286",690,660,37
746,강원도,원주시,따뚜공연장,공공,2006-10-10,2006-11-10,0,"1,600","4,291",0
747,강원도,강릉시,강릉문화예술관 대공연장,공공,1992-03-07,2005-10-17,766,280,426,34
748,강원도,동해시,동해시문화예술회관,공공,1995-03-02,2002-12-01,756,310,567,33
749,강원도,태백시,태백문화예술회관 (대극장),공공,2003-07-25,2003-10-17,"4,339",617,786,58
750,강원도,태백시,태백문화예술회관 (소극장),공공,2009-11-18,2010-01-25,808,204,224,26
751,강원도,속초시,속초문화회관,공공,1990-10-10,1990-10-10,"2,987",264,594,30
752,강원도,삼척시,삼척시 문화예술센터,공공,1994-06-04,2003-01-02,"3,567",528,932,34
753,강원도,홍천군,홍천문화예술회관,공공,1995-03-23,1995-01-07,694,250,506,27
754,강원도,홍천군,홍천문화센터,공공,2014-04-03,2014-04-03,424,86,225,9
755,강원도,횡성군,횡성문화예술회관,공공,2013-12-27,2014-03-25,"4,237",448,690,13
756,강원도,평창군,평창문화예술회관,공공,1999-10-05,2002-02-21,624,327,454,28
757,강원도,평창군,대관령야외공연장,공공,2012-06-26,2014-09-02,446,199,446,36
758,강원도,평창군,알펜시아콘서트홀,민간,2010-06-08,2010-07-07,699,161,637,5
759,강원도,정선군,정선문화예술회관,공공,1993-10-09,,598,100,418,5
760,강원도,철원군,화강문화센터,공공,2010-12-17,2011-07-20,481,71,240,7
761,강원도,양구군,양구문화복지센터,공공,2000-11-16,,491,60,385,0
762,강원도,인제군,인제하늘내린센터,공공,2009-08-06,2009-08-06,"5,567",410,686,61
763,강원도,양양군,양양문화복지회관공연장,공공,2004-12-23,2006-02-06,714,193,379,14
764,충청북도,청주시,청주예술의전당  대공연장,공공,1995-04-10,1995-06-17,"6,156","1,066","1,493",62
765,충청북도,청주시,청주예술의전당 소공연장,공공,1995-04-10,1995-06-17,"1,506",269,296,26
766,충청북도,청주시,청주아트홀,공공,,1979-05-01,"3,001",283,710,12
767,충청북도,청주시,충북학생교육문화원공연장,공공,2008-07-01,2009-06-11,"5,218",995,"1,056",30
768,충청북도,청주시,예술나눔 터,민간,2011-02-26,2011-08-12,399,79,96,11
769,충청북도,청주시,문화공간 새벽,민간,2011-06-13,2011-10-27,317,56,98,3
770,충청북도,청주시,씨어터 J,민간,2004-12-22,2011-12-30,386,103,165,6
771,충청북도,청주시,메가폴리스 아트홀,민간,2013-04-04,2013-04-04,387,59,160,8
772,충청북도,충주시,충주시문화회관,공공,1985-10-09,2003-07-23,"5,753",420,933,28
773,충청북도,제천시,제천시문화회관,공공,1985-02-29,1984-12-25,"4,160",210,654,15
774,충청북도,보은군,보은문화예술회관,공공,1994-10-05,1994-10-05,"1,120",360,621,20
775,충청북도,옥천군,옥천문화예술회관,공공,2008-05-16,2008-05-15,"2,990",528,478,41
776,충청북도,옥천군,관성회관,공공,1987-01-17,2003-04-01,756,210,499,14
777,충청북도,영동군,난계국악당,공공,1987-04-08,1987-04-08,781,310,483,14
778,충청북도,증평군,증평문화회관,공공,1992-11-28,1992-11-07,764,276,492,23
779,충청북도,음성군,음성문화예술회관,공공,2008-09-27,2009-02-16,916,648,600,43
780,충청북도,단양군,단양문화예술회관,공공,1986-04-15,2012-12-31,"1,582",112,656,12
781,충청남도,계룡시,계룡문화예술의전당,공공,2011-06-16,2011-06-15,811,180,764,39
782,충청남도,공주시,공주문예회관(대공연장),공공,1990-10-26,2002-12-30,"3,825","1,255",648,36
783,충청남도,공주시,공주문예회관(소공연장),공공,1990-10-26,2002-12-30,186,30,185,2
784,충청남도,금산군,금산다락원,공공,2004-10-29,2004-10-20,"2,523",468,727,23
785,충청남도,논산시,논산시문화예술회관,공공,1985-08-10,2004-11-03,732,122,577,17
786,충청남도,당진시,당진문예의전당(대공연장),공공,2005-05-31,2005-05-26,"2,472",816,"1,001",61
787,충청남도,당진시,당진문예의전당(소공연장),공공,2005-05-31,2005-05-26,"1,272",319,300,26
788,충청남도,보령시,보령문화예술회관 대공연장,공공,2002-05-09,2002-08-19,726,553,820,57
789,충청남도,부여군,국악의전당,공공,1994-10-26,1994-10-26,382,186,198,18
790,충청남도,서산시,문화회관,공공,1990-01-06,2003-03-26,"3,600",330,601,32
791,충청남도,서천군,서천문예의전당,공공,1989-01-01,2006-08-21,556,92,636,5
792,충청남도,아산시,평생생활관,공공,1992-05-08,1992-05-08,627,198,532,50
793,충청남도,아산시,현대자동차㈜ 문화관,민간,1998-03-25,1998-03-25,249,60,192,17
794,충청남도,아산시,신정호야외음악당 (야외공연장),공공,2007-09-03,2007-09-06,700,162,,7
795,충청남도,아산시,아산시청 시민홀,공공,2009-08-13,2010-01-18,373,226,462,1
796,충청남도,아산시,시민문화복지센터 야외공연장 (야외공연장),공공,2009-11-18,2010-01-18,967,116,,1
797,충청남도,아산시,시민문화복지센터 지하공연장,공공,2010-01-18,2010-01-18,121,74,196,1
798,충청남도,아산시,아산 청소년 교육 문화회관 야외공연장 (야외공연장),공공,2010-01-15,2010-01-18,"1,620.00",263,,1
799,충청남도,아산시,아산시 보건소 별관 콘서트홀,공공,2009-08-21,2010-01-20,478,47,153,1
800,충청남도,예산군,예산군문예회관,공공,1993-10-16,1993-10-16,825,326,505,22
801,충청남도,천안시,신부문화회관(대강당),공공,1987-12-03,2004-12-24,918,244,998,22
802,충청남도,천안시,신부문화회관(소강당),공공,1987-12-03,2004-12-24,252,67,200,3
803,충청남도,천안시,성환문화회관(대강당),공공,1995-10-21,2002-12-24,"1,109",450,760,35
804,충청남도,천안시,성환문화회관(소강당),공공,1995-10-21,2002-12-24,267,51,240,7
805,충청남도,천안시,천안예술의전당 대공연장,공공,2012-09-03,2012-08-16,"7,285","1,823","1,642",108
806,충청남도,천안시,천안예술의전당 소공연장,공공,2012-09-03,2012-08-16,"1,366",453,443,31
807,충청남도,천안시,충남학생회관(대강당),공공,1997-06-17,2003-01-04,"1,866.00",653,"1,208",38
808,충청남도,천안시,충남학생회관(소강당),공공,1997-06-17,2003-01-04,388.8,86,298,12
809,충청남도,천안시,천안시청 봉서홀,공공,2005-10-13,2005-10-13,"1,514.60",539,"1,064",51
810,충청남도,천안시,신세계문화홀,민간,2011-02-11,2011-02-11,815,815,452,30
811,충청남도,청양군,청양문화예술회관,공공,2010-10-25,2006-12-21,"3,073",274,925,43
812,충청남도,태안군,태안군문화예술회관 대공연장,공공,2001-09-21,2001-09-16,991,430,687,27
813,충청남도,홍성군,홍주문화회관,공공,1988-01-01,1988-01-01,"3,066",392,615,24
814,전라북도,전라북도,한국소리문화의전당 모악당,공공,2001-09-21,2003-01-07,"16,959","1,930","2,037",129
815,전라북도,전라북도,한국소리문화의전당 연지홀,공공,2001-09-21,2003-01-07,"3,329",760,666,69
816,전라북도,전라북도,한국소리문화의전당 명인홀,공공,2001-09-21,2003-01-07,"8,307",146,206,27
817,전라북도,전라북도,한국소리문화의전당 야외공연장,공공,2001-09-21,2003-01-07,185,334,"7,000",0
818,전라북도,전라북도,전북예술회관,공공,1982-02-09,2003-01-02,"1,171",153,357,11
819,전라북도,전주시,덕진예술회관,공공,1980-12-08,2002-12-17,"4,725",167,486,32
820,전라북도,전주시,전북대삼성문화회관,민간,1997-01-23,1997-10-01,"4,627",960,"1,493",63
821,전라북도,군산시,군산예술의전당 대공연장,공공,2013-05-01,2013-04-30,"2,400","1,520","1,200",107
822,전라북도,군산시,군산예술의전당 소공연장,공공,2013-05-01,2013-04-30,686,252,450,22
823,전라북도,군산시,시민문화회관,공공,1989-05-01,2002-12-24,"4,491",280,858,33
824,전라북도,군산시,아리울예술창고,공공,2011-05-28,2011-05-25,"1,057",245,396,4
825,전라북도,군산시,군산청소년회관,공공,1995-10-15,2002-12-24,"1,201",121,351,15
826,전라북도,익산시,익산예술의전당,공공,2015-04-22,2015-04-03,"5,728","1,455","1,202",91
827,전라북도,익산시,솜리문화예술회관,공공,1996-11-29,2002-12-31,"3,998",327,584,35
828,전라북도,정읍시,정읍사예술회관,공공,1992-09-15,2002-12-31,"3,368",370,603,31
829,전라북도,정읍시,청소년수련관소극장,공공,2003-05-26,2002-12-31,320,70,196,26
830,전라북도,남원시,춘향문화예술회관 대공연장,공공,1995-05-06,2002-12-27,"1,124",534,757,38
831,전라북도,남원시,춘향문화예술회관 소공연장,공공,1995-05-06,2003-02-03,158,32,112,0
832,전라북도,남원시 ,지리산 소극장,공공,2015-02-27,2015-02-27,163,78,99,1
833,전라북도,김제시,김제문화예술회과(대공연장),공공,2009-04-24,2009-04-23,"1,837",308,499,28
834,전라북도,김제시,김제문화예술회과(소공연장),공공,2009-04-24,2009-04-23,"1,585",146,230,13
835,전라북도,완주군,완주향토예술문화회관,공공,2003-02-17,2003-02-17,"2,536",78,218,6
836,전라북도,장수군,장수한누리전당 ,공공,2007-10-13,2007-10-01,482,80,278,1
837,전라북도,순창군,순창 향토회관,공공,,2003-01-24,354,119,465,19
838,전라북도,고창군,고창문화의전당,공공,2008-12-05,2008-11-26,"4,049","1,115",625,43
839,전라북도,부안군,부안예술회관,공공,2001-10-01,2002-12-03,674,426,499,34
840,전라북도,부안군,원숭이학교 공연장,민간,2002-06-25,2009-12-23,500,120,691,2
841,전라남도,목포시,목포시민문화체육센터,공공,2004-05-03,2004-05-03,"12,806","1,523","1,067",99
842,전라남도,목포시,문화예술회관,공공,1997-09-29,1997-09-29,"4,925",420,698,34
843,전라남도,여수시,여수시민회관,공공,1987-06-28,2004-09-15,"5,266",552,960,29
844,전라남도,여수시,여수진남문예회관,공공,1993-05-22,2003-04-01,"2,508",228,364,29
845,전라남도,여수시,예울마루 소극장,민간,2012-05-10,2012-05-07,"2,741",159.4,302,2
846,전라남도,여수시,예울마루 대극장,민간,2012-05-10,2012-05-07,"2,741",848,1021,74
847,전라남도,순천시,순천문화예술회관 대극장,공공,,1996-03-31,816,740,914,37
848,전라남도,순천시,순천문화예술회관 소극장,공공,,2000-08-29,230,76,152,4
849,전라남도,나주시,나주문화예술회관,공공,1998-04-25,1998-04-25,632,350,718,40
850,전라남도,광양시,광양문화예술회관,공공,1996-10-08,2004-04-20,859,393,490,35
851,전라남도,담양군,담양문화회관,공공,2002-04-25,2002-12-31,"1,547",363,670,24
852,전라남도,곡성군,곡성문화센터,공공,2010-03-10,2011-01-26,577,259,420,35
853,전라남도,고흥군,고흥문화회관,공공,1999-06-26,2002-12-30,"5,634","1,155",573,0
854,전라남도,보성군,보성군문화예술회관,공공,2015-05-08,2015-05-01,"2,098",649,497,33
855,전라남도,장흥군,장흥문화예술회관,공공,2004-05-01,2004-11-11,"1,648",288,496,27
856,전라남도,강진군,강진아트홀 대공연장,공공,2011-05-17,2011-04-14,"1,606",506,718,89
857,전라남도,강진군,강진아트홀 소공연장,공공,2011-05-17,2011-04-14,246,48,174,9
858,전라남도,해남군,해남문화예술회관,공공,2002-04-20,2002-04-20,"1,585",740,700,41
859,전라남도,영암군,청소년극장,공공,2010-10-21,2010-10-21,361,67,360,4
860,전라남도,무안군,승달문화예술회관,공공,2001-05-12,2003-02-25,980,110,502,24
861,전라남도,영광군,영광예술의전당 대공연장,공공,2014-06-24,2014-06-23,547,476,649,44
862,전라남도,영광군,영광예술의전당 소공연장,공공,2014-06-24,2014-06-23,322,109,163,10
863,전라남도,장성군,장성문화예술회관 소공연장,공공,2011-09-04,2011-12-06,361,157,199,10
864,전라남도,장성군,장성문화예술회관 대공연장,공공,2014-03-21,2014-07-22,1083,573,684,34
865,전라남도,완도군,완도문화예술의전당,공공,2010-08-05,2010-08-19,1036,488,498,19
866,전라남도,진도군,진도향토문화회관,공공,1997-03-26,2002-12-14,2032,281,630,23
867,경상북도,포항시,문화예술회관,공공,1995-05-26,1995-05-26,"1,817",918,972,69
868,경상북도,포항시,중앙아트홀,공공,2010-09-27,2010-09-27,470,140,270,25
869,경상북도,포항시,대잠홀,공공,2007-02-07,2014-12-30,957,355,590,32
870,경상북도,경주시,서라벌문화회관,공공,1979-05-21,2003-07-30,699,150,530,21
871,경상북도,경주시,경주예술의전당 대공연장,공공,2010-11-06,2010-11-25,"2,261","1,176","1,100",117
872,경상북도,경주시,경주예술의전당 소공연장,공공,2010-11-06,2010-11-25,588,211,350,12
873,경상북도,경주시,경주예술의전당 야외공연장,공공,2010-11-06,2010-11-25,630,148,900,0
874,경상북도,경주시,청소년수련관,공공,1994-12-27,2003-07-30,336,84,194,5
875,경상북도,경주시,밀레니엄파크 메인공연장,민간,2007-03-30,2007-04-23,"3,420","1,801",975,7
876,경상북도,경주시,밀레니엄파크 화랑공연장,민간,2007-03-30,2007-04-23,"1,536","1,034",805,0
877,경상북도,경주시,문화센터 공연장,공공,2012-12-14,2012-12-14,"4,758",988,741,50
878,경상북도,경주시,경주무비랜드 허브랜드 공룡마을,민간,2013-07-05,2013-07-05,150,77,40,4
879,경상북도,김천시,김천문화예술회관,공공,2000-04-15,2000-03-29,"1,789",820,920,61
880,경상북도,안동시,예술의전당(대공연장),공공,2010-09-17,2010-08-16,"2,184","1,163",994,131
881,경상북도,안동시,예술의전당(소공연장),공공,2010-09-17,2010-08-16,426,108,276,36
882,경상북도,안동시,시민회관(대공연장),공공,1993-02-06,2009-01-15,675,278,884,18
883,경상북도,안동시,시민회관(소공연장),공공,1993-02-06,2009-01-15,450,126,414,14
884,경상북도,영주시,영주문화예술회관,공공,2012-05-04,2012-05-04,"2,351",229,498,31
885,경상북도,영주시,영주시민회관,민간,1984-04-02,1984-04-02,"1,380",306,490,15
886,경상북도,영천시,영천시민회관,공공,1989-10-12,2003-07-24,859,267,791,24
887,경상북도,상주시,상주문화회관,공공,1990-11-07,2002-12-30,809,262,512,23
888,경상북도,구미시,구미시문화예술회관 대공연장,공공,1989-10-16,1989-10-16,"7,772",829.7,"1,211",48
889,경상북도,구미시,구미시문화예술회관 소공연장,공공,1989-10-17,1989-10-16,"1,143",160.9,283,25
890,경상북도,구미시,롯데어린이공연장,민간,2005-12-14,2005-12-19,404,72,184,11
891,경상북도,구미시,공터 다,민간,2012-03-20,2012-03-20,70,59,100,0
892,경상북도,문경시,문경문화예술회관,공공,1993-09-02,2002-12-20,"5,642",574,"1,154",48
893,경상북도,경산시,경산시민회관,공공,1996-02-06,2003-03-27,967,245,724,65
894,경상북도,군위군,삼국유사교육문화회관,공공,2007-09-05,2007-11-05,"2,136",350,457,43
895,경상북도,영덕군,예주문화예술회관,공공,2004-06-09,2004-11-30,"1,015",512,531,40
896,경상북도,고령군,고령문화예술회관,공공,2015-09-16,2015-08-21,"2,176",484,638,35
897,경상북도,성주군,성주군문화예술회관,공공,2003-05-26,2003-02-25,"2,473",379,822,50
898,경상북도,영덕군,예주문화예술회관,공공,2004-06-09,2004-11-30,"1,015",512,531,40
899,경상북도,울릉군,울릉한마음회관,공공,2008-05-28,2008-05-28,832,210,425,8
900,경상북도,울진군,울진문화예술회관,공공,2007-12-26,2008-11-03,706,357,492,31
901,경상북도,예천군,예천군문화회관,공공,1995-06-05,2003-03-08,602,288,711,26
902,경상북도,의성군,의성문화체육회관,공공,2000-04-20,,"3,401",456,"1,060",13
903,경상북도,청송군,청송문화예술회관,공공,2013-07-13,,743,176,435,16
904,경상북도,칠곡군,교육문화회관,공공,2002-05-04,2002-12-27,"13,933",130,710,36
905,경상남도,창원시,성산아트홀 대극장,공공,2000-04-25,2000-04-25,"14,521","1,602","1,690",93
906,경상남도,창원시,성산아트홀 소극장,공공,2000-04-25,2000-04-25,"4,464",414,510,45
907,경상남도,창원시,3.15아트센터 대극장,공공,2008-05-20,2008-04-01,"2,313","1,284","1,182",110
908,경상남도,창원시,3.15아트센터 소극장,공공,2008-05-20,2008-04-01,759,420,455,42
909,경상남도,창원시,진해구민회관 공연장,공공,1993-04-01,1993-04-01,"1,479",369,390,19
910,경상남도,창원시,진해 야외공연장,공공,2006-06-02,2006-06-02,"1,005",517,"1,040",15
911,경상남도,창원시,올림픽기념 국민생활관,공공,2003-03-05,2003-03-05,923,155,370,1
912,경상남도,창원시,창원 가온아트홀,민간,2013-12-05,2014-02-12,433,45,144,
913,경상남도,창원시,도파니아트홀,민간,2005-02-18,2014-07-09,143,60,90,-
914,경상남도,창원시,우리누리청소년문화센터,공공,2008-07-08,2008-07-08,270,35,210,6
915,경상남도,창원시,영송헌(가곡전수관),공공,2006-09-25,2006-09-25,"1,455",78,144,11
916,경상남도,창원시,창원국동크루즈(선내),민간,2014-03-14,2014-03-14,476,204,201,3
917,경상남도,창원시,창동소극장,민간,2014-11-05,2014-11-05,183,39,70,-
918,경상남도,진주시 ,경상남도문화예술회관,공공,1988-08-29,2003-03-08,"2,464","1,067","1,564",47
919,경상남도,진주시,진주시전통예술회관 공연장,공공,2002-10-21,2002-06-21,360,150,219,-
920,경상남도,진주시,현장아트홀,민간,2007-09-20,2007-09-20,406,102,134,10
921,경상남도,통영시,통영시민 문화회관(대극장),공공,1997-10-01,2003-03-07,714,702,880,62
922,경상남도,통영시,통영시민 문화회관(소극장),공공,1997-10-01,2003-03-07,258,654,290,15
923,경상남도,통영시,통영국제음악당(콘서터홀),공공,2014-03-28,2014-05-13,"1,500",212,"1,309",5
924,경상남도,통영시,통영국제음악당(블랙박스),공공,2014-03-28,2014-05-13,300,151,254,26
925,경상남도,사천시,사천문화예술회관 대공연장,공공,2002-02-27,2002-03-11,"1,286",535,834,46
926,경상남도,사천시,사천문화예술회관 소공연장,공공,2002-02-27,2002-03-11,231,54,192,7
927,경상남도,사천시,한려수도호 공연장,민간,2011-12-30,2012-01-02,177,35,174,2
928,경상남도,사천시,훼밀리호 공연장,민간,2011-12-30,2012-01-02,147,21,133,2
929,경상남도,김해시,뮤즈,민간,,2004-10-06,330,20,160,0
930,경상남도,김해시,김해시립공연장,공공,,2004-10-06,462,218,310,12
931,경상남도,김해시,장유도서관 공연장,공공,,2004-10-06,370,202,342,17
932,경상남도,김해시,김해문화원,공공,,2004-10-06,407,106,218,10
933,경상남도,김해시,김해문화의전당 마루홀,공공,2005-11-25,2006-02-01,"1,441","1,494","1,464",128
934,경상남도,김해시,김해문화의전당 누리홀,공공,2005-11-25,2007-06-26,498,408,540,35
935,경상남도,김해시,김해문화의전당 애두름마당,공공,2005-11-25,2007-06-26,235,120,500,0
936,경상남도,김해시,진영한빛도서관 누리마을,공공,,2010-07-09,479,342,369,21
937,경상남도,김해시,가인소극장,민간,,2014-05-08,49,45,80,0
938,경상남도,김해시,철광산공연장,공공,2015-05-22,2015-05-21,449,287,448,31
939,경상남도,김해시,공간EASY,민간,,2015-11-17,133,27,150,0
940,경상남도,거제시,거제문화예술회관 대극장,공공,2003-10-21,2003-11-17,794,860,"1,205",64
941,경상남도,거제시,거제문화예술회관 소극장,공공,2003-10-21,2003-11-17,329,209,430,24
942,경상남도,거제시,거제시청소년수련관 공연장,공공,2002-10-25,2003-06-04,491,316,414,0
943,경상남도,양산시,양산문화예술회관,공공,2002-12-21,2003-04-23,"2,062",556,834,35
944,경상남도,의령군,의령군민문화회관,공공,1993-04-21,2002-12-27,"1,018",156,400,14
945,경상남도,함안군,함안문화예술회관,공공,2005-03-31,2006-02-16,488,497,486,37
946,경상남도,창녕군,창녕문화예술회관 대공연장,공공,2012-11-01,2012-09-27,830,205,496,23
947,경상남도,창녕군,창녕문화예술회관 소공연장,공공,2012-11-01,2012-09-27,250,48,198,5
948,경상남도,고성군,고성군문화체육센터 공연장,공공,2003-06-23,2012-06-27,250,76,374,7
949,경상남도,남해군,남해문화체육센터소공연장,공공,2000-01-02,2003-05-30,390,79,270,
950,경상남도,남해군,러브크루져호,민간,2006-04-21,2006-04-21,131,22,100,
951,경상남도,하동군,하동문화예술회관 대공연장,공공,2001-04-14,2003-01-02,969,216,678,
952,경상남도,하동군,하동문화예술회관 소공연장,공공,2001-04-14,2003-01-02,374,159,200,
953,경상남도,산청군,산청군문화예술회관 공연장,공공,2006-06-21,2007-01-10,422,213,497,25
954,경상남도,함양군,함양군문화예술회관대공연장,공공,2011-11-25,2011-11-15,"1,117",336,486,32
955,경상남도,거창군,거창군문화센터,공공,2001-06-20,2002-12-30,790,306,710,41
956,경상남도,거창군,거창문화원 상살미홀,공공,2011-11-10,2012-02-24,317,165,252,7
957,경상남도,합천군,합천군문화예술회관 대공연장,공공,1995-10-25,2003-01-27,485,160,390,-
958,제주특별자치도,제주시,제주특별자치도문예회관(대극장),공공,1988-08-25,2002-12-30,"4,898",842,892,
959,제주특별자치도,제주시,제주특별자치도문예회관(소극장),공공,1988-08-25,2002-12-30,498,65,200,
960,제주특별자치도,제주시,예술극장,공공,1996-07-01,2009-06-17,603,65,346,
961,제주특별자치도,제주시,제주해변공연장,공공,1995-03-28,2002-12-30,"1,995.00",185,"1,188",
962,제주특별자치도,제주시,저지문화예술야외 공연장,공공,2007-03-19,2007-08-29,0,112,600,
963,제주특별자치도,제주시,제주대학교 아라뮤즈홀,공공,2007-11-06,2009-11-10,"2,067",287,448,
964,제주특별자치도,제주시,설문대 여성 문화센터,공공,2010-01-13,2010-03-03,"2,501.80",222.9,405,
965,제주특별자치도,제주시,제주아트센터,공공,2010-05-19,2010-05-18,"2,031","1,104","1,184",
966,제주특별자치도,제주시,영화문화예술센터 2관,공공,2013-10-08,2013-10-08,"3,570.60",166,260,
967,제주특별자치도,제주시,오백장군갤러리,공공,2015-10-21,2015-10-22,360,90,160,
968,제주특별자치도,제주시,한라아트홀(대극장),민간,2001-09-11,2001-09-11,"8,987.00",345.6,831,
969,제주특별자치도,제주시,한라,민간,2003-10-10,2003-10-16,"9,664.00",68,248,
970,제주특별자치도,제주시,제주아트리움,민간,2005-03-24,2005-03-28,"1,976.70",254.5,"1,646",
971,제주특별자치도,제주시,㈜제주드림랜드,민간,2001-05-21,2002-03-08,"3,240.60","1,178.80",980,
972,제주특별자치도,제주시,예향당,민간,2008-07-08,2008-11-14,280.8,47,130,
973,제주특별자치도,제주시,세이레아트센터,민간,,2014-04-24,370.6,69.2,99,
974,제주특별자치도,제주시,더마파크 공연장,민간,2008-11-20,2008-11-24,"7,210.00","5,101.00","1,389",
975,제주특별자치도,제주시,제주매직아일랜드,민간,2009-04-08,2009-04-23,"1,072.10",178,700,
976,제주특별자치도,제주시,제주폴리아트센터,민간,2011-04-18,2011-04-27,"2,494.00",400,880,
977,제주특별자치도,제주시,제주관광대학교컨밴션홀,민간,2010-05-26,2011-04-07,725,255.4,492,
978,제주특별자치도,제주시,셰프라인월드 공연장,민간,,2012-04-02,"1,382",209,850,
979,제주특별자치도,제주시,제주워터서커스,민간,,2014-12-12,"1,734",300,"1,300",
980,제주특별자치도,서귀포시,제주서커스월드,민간,2004-01-17,2004-01-17,"1,969","1,235",992,
981,제주특별자치도,서귀포시,김정문화회관,공공,2004-02-28,2004-02-26,"1,636",216,383,
982,제주특별자치도,서귀포시,㈜이레 제주조랑말타운,민간,2002-04-25,2004-12-17,"1,820",400,993,
983,제주특별자치도,서귀포시,오름,민간,2005-07-14,2005-06-21,355,75,0,
984,제주특별자치도,서귀포시,점보빌리지,민간,2011-01-17,2011-02-21,"2,875",314,998,0
985,제주특별자치도,서귀포시,오션아레나,민간,2012-07-13,2012-06-20,"2,241",75,"1,554",0
986,제주특별자치도,서귀포시,앵무새공연장,민간,2013-06-14,2013-05-29,299,52,200,0
987,제주특별자치도,서귀포시,㈜신세계쇼앤서커스,민간,2013-07-13,2013-07-12,"2,420",176,"1,300",
988,제주특별자치도,서귀포시,서귀포예술의전당 대극장,공공,2014-06-19,2014-05-21,"8,481",675,802,55
989,제주특별자치도,서귀포시,서귀포예술의전당 소극장,공공,2014-06-19,2014-05-21,"8,481",123,190,19
990,제주특별자치도,서귀포시,서귀포예술의전당 야외공연장,공공,2014-06-19,2014-05-21,"8,481",359,123,0
991,제주특별자치도,서귀포시,퍼시픽랜드,민간,2014-08-04,2014-08-04,"2,077",628,"1,200",
